ID,y
1,96.8498559458
2,112.185339738
3,96.5315761165
4,79.8768198505
5,113.078739179
8,93.6135753931
10,112.385102939
11,95.2091962714
12,115.679742323
14,95.1924134009
15,115.698861684
16,105.386068288
17,97.2415250596
19,95.7201944282
20,105.813793453
21,97.2396527409
22,115.789389921
23,97.2412080933
26,95.8829802879
28,95.0051288409
29,97.2412034441
33,97.2412003447
35,95.4919878042
41,97.242443414
42,94.0226427297
43,115.999948408
45,104.630214732
46,105.476951837
51,95.0920610399
53,84.9802952436
55,112.328176439
56,95.0088235363
57,104.982890812
58,96.4579994051
59,105.101508929
63,111.764567258
64,95.8251713483
65,105.612267671
69,95.8520799377
71,96.3762963418
72,105.216710046
73,95.5938164584
76,105.121033138
77,105.197537193
78,115.387241577
82,95.5876681235
83,105.612253723
84,95.2321996828
85,105.165530977
87,112.0453658
88,97.2424069954
89,112.265449507
91,94.864267718
93,95.4842492286
94,105.528009461
95,95.3182426807
96,112.024715448
97,93.5746815897
98,112.077373279
99,94.9707600645
101,105.388226429
103,112.265438658
104,94.258028094
105,111.742157985
110,96.0919853264
111,112.224169995
113,112.086740202
114,93.4994372656
115,111.908545995
117,112.26542781
120,93.6505952292
121,111.974974009
122,93.6206125555
123,112.50191777
126,112.052897511
132,114.231864423
135,106.523043113
137,105.125202317
138,95.7832128528
140,95.0221310694
142,111.599697223
144,112.095396407
148,93.853728331
149,112.726839243
155,93.9520478933
156,112.120886482
157,93.5746350978
162,111.976018441
163,96.141655807
167,93.6156244795
172,115.99984845
179,112.619635619
180,93.7156035362
181,111.79992115
182,96.0957104314
183,112.265376669
185,112.26537512
187,112.027382857
188,95.5831284473
189,95.1138969593
191,93.9777530168
192,112.442296971
193,95.2927588982
194,112.094955174
195,93.9647149605
196,112.135636867
198,95.8454728161
199,112.072581457
201,105.421471563
204,95.8058978439
205,105.463748313
206,95.3174149972
210,95.1992478412
211,105.388141194
216,112.203291661
219,115.68020656
220,94.3039515037
221,111.796738362
226,111.799886281
227,93.8695940836
228,112.060357931
230,112.065675445
231,93.5745777577
235,115.781918231
236,94.9548598471
238,112.093765276
242,105.24012382
243,94.8552348574
244,79.6710755257
245,110.66617727
247,112.985572311
248,93.6468223275
249,94.1585928546
250,111.997529707
251,94.9548482241
253,115.781904284
254,93.9222855497
256,95.2024474192
257,93.8339392191
258,112.157569958
259,94.9639497753
262,81.9533215562
266,94.4847382507
267,112.894409261
272,105.338575734
273,112.265306931
275,94.0226582181
276,114.156442834
279,96.6200736828
280,105.612101075
283,93.6291550308
285,112.096891683
288,112.265295308
289,96.3707306516
290,105.207795938
291,95.6873258322
292,111.752039244
293,112.025263054
296,93.9199174231
297,112.013564549
298,115.321119275
299,95.5871876607
304,93.9522827102
305,82.9436541176
306,95.3095714738
307,111.80396874
311,112.11733896
313,111.819436335
314,93.8808264376
316,95.4568568461
324,95.3871252493
327,96.4120066234
329,93.9421977074
330,112.068322419
337,105.769173719
338,96.0878775925
339,105.593905504
340,95.8151939065
343,93.7203970333
345,115.690987019
346,93.5549787882
347,113.061863293
349,111.555367013
350,93.3422664795
352,112.039517293
353,92.9864506984
354,79.6616229893
357,95.1678445907
358,112.56183046
362,112.700482191
364,115.478814355
365,105.733002049
366,95.8258875321
367,112.176329216
368,95.7476787329
370,79.7287928968
373,96.453261826
377,93.9731847527
378,112.067066468
382,105.11307568
384,112.059924735
390,95.3164562185
392,112.145202141
393,112.466720861
395,95.9916640062
396,105.651169133
399,80.4383982002
406,111.819364273
408,111.819362723
409,94.19952615
410,79.8505986881
412,112.027787893
413,93.5802319065
419,95.2979298157
420,112.339806539
421,93.5850443956
430,98.8651474213
434,95.0896218842
436,95.7766645344
437,95.0244366474
438,93.6769239416
439,112.078473341
440,94.9810785601
443,112.172941553
446,95.7927275085
448,95.3974398422
452,95.3404724272
453,104.991014057
457,105.53817496
458,95.1350337366
459,114.393014113
460,105.2649241
462,105.776628219
464,105.250787199
465,115.679703626
467,117.832531006
471,113.272313438
472,79.712703042
473,97.8278250849
475,95.7844764339
480,95.5336226225
488,112.163031479
490,111.80382694
491,105.532615989
492,79.6640301014
493,95.1754187758
497,93.4484455613
498,111.993855208
499,95.4667094945
500,105.528444586
501,95.139457958
502,112.967694327
506,85.1189731675
510,111.980695688
511,93.4391100095
512,93.9353695963
516,94.0969700658
518,93.909980285
519,113.070556202
521,93.6538024412
522,111.996731163
526,112.038885473
529,95.284234763
532,111.979449423
533,95.3022743329
536,112.469696755
537,99.0669862072
539,95.5939980878
540,105.322699273
541,95.8154225835
543,95.1177678806
546,112.17846788
547,94.9605954098
548,79.7924417326
551,95.0773114653
552,105.040358297
556,105.377943582
557,95.8255991729
558,112.176181217
559,95.8034770542
560,105.481954444
562,105.467596482
566,95.469332555
570,111.993799418
571,95.0243328155
572,105.611562497
573,95.5847465774
575,115.679618391
576,112.053304244
577,93.3611577543
579,93.5650995271
580,112.02556738
581,114.235661732
589,111.803750228
591,104.647438129
593,95.7934169336
594,104.801993024
595,95.1706371166
598,95.0728175061
602,112.155826176
604,112.089444374
606,111.695941534
608,95.8238307956
609,105.370234061
610,95.0980018842
616,112.03812055
617,95.8466939246
618,104.82163206
620,105.287747006
622,112.391309076
623,93.6252045654
624,161.362459296
626,111.873094534
628,111.965006736
629,93.552017101
630,112.065053182
637,96.0138947237
638,105.292761381
643,96.2748686365
645,95.5334947698
646,117.947664117
648,96.3521050707
652,95.5074032801
653,95.019811736
654,111.993734329
656,112.131581636
657,93.6375578274
659,95.6986828853
660,105.359583389
663,93.9620713824
664,112.156534762
666,105.130984271
668,112.082833216
669,95.2836523191
671,95.7651497524
675,94.1181665129
677,94.9990294889
678,110.731019776
679,105.835540766
682,95.8374724452
685,105.164731285
687,95.8171265769
688,93.738688885
693,112.202758989
696,96.426072822
698,95.4537171522
701,96.2240451965
704,105.792355842
705,115.79047694
709,112.421601541
710,94.8827038946
711,105.648594776
712,95.5616387142
714,111.93028636
715,93.7178326505
716,111.802402552
717,94.2490389407
720,115.650894662
721,93.975780753
724,105.906992046
725,95.7945690434
726,112.783370459
728,112.378467454
731,93.694453859
734,105.450409993
738,93.9765836654
745,112.04231973
746,93.9539979422
751,79.7035258719
754,93.7939199567
756,93.7014736946
758,94.9266850071
759,111.282702424
761,115.758725876
766,95.5432684383
767,112.109760877
768,93.6238429417
769,112.167837365
770,95.4367004188
771,79.6625646458
772,105.331560787
773,95.0803477176
774,112.059375576
776,112.066615313
777,95.3699705465
780,115.960418798
782,105.447971128
787,104.6441349
788,95.5925558781
792,93.6371969666
793,112.227248766
798,96.404067633
800,93.7221345694
806,111.802332814
809,112.057273681
811,112.218793412
812,93.0850545702
814,115.686427524
816,104.988844826
817,95.806817374
818,111.263250861
820,111.891311543
823,95.1357304129
829,93.6024283744
830,110.975061136
831,93.1376277432
834,111.972028678
839,95.2841065779
841,79.7419969625
844,105.366366854
845,95.0831979009
848,93.9506119154
850,99.8080161258
851,105.056514978
852,95.4037671001
854,94.9638687092
855,96.5425483563
856,105.303279608
859,105.111467446
861,112.059308163
864,94.865726437
865,112.085089638
866,93.6719653734
867,93.220192194
869,95.5108036796
871,93.0296712281
872,111.802281673
882,104.733528346
883,95.0880247015
885,95.7981159859
888,96.4125514262
893,111.821331618
901,110.774715711
903,105.5789595
904,95.6881004974
905,105.162206762
910,95.5186675406
911,112.114300685
914,112.461391189
918,112.222199959
921,93.630098992
928,95.2436782803
929,105.176869217
932,95.311637436
933,105.293626835
934,95.5186489438
935,112.016642226
937,80.3861241174
939,95.5854424789
940,105.370535617
941,95.1882228054
942,105.008933097
943,95.4681606501
944,105.221630258
947,111.802223559
949,112.221177307
951,111.817105247
952,95.7424968921
953,105.578920756
954,79.8566845434
957,112.078816372
959,93.6367800839
960,117.914652957
963,115.686312069
965,111.802209611
967,105.266620224
971,95.2182103103
972,79.8424005474
973,95.4304204098
974,112.066129927
975,95.2663819342
978,117.512681849
980,112.16842115
981,95.4155668628
984,112.443412691
986,95.5186086508
988,93.6236724714
989,112.046420803
990,104.681515228
992,110.763555369
996,95.0294405404
999,112.211279674
1000,94.9755387381
1001,112.090460971
1002,93.6289240758
1003,112.066439419
1004,93.5945847175
1008,112.050433939
1009,95.4149953382
1010,105.529565217
1012,117.785387142
1013,94.1176899013
1014,112.226061185
1015,92.9977490438
1016,115.690728542
1019,93.0581740004
1020,112.068913253
1021,95.5185815306
1022,105.502989964
1024,95.518579206
1025,80.5868993468
1027,95.461400036
1028,105.837088761
1029,95.2268048572
1030,95.1200815553
1033,112.100195694
1036,95.0592757714
1037,111.708604499
1038,93.8754545583
1042,95.5853626678
1043,105.046321773
1044,95.0948731451
1045,111.973698808
1047,114.179941933
1050,95.1094394449
1051,111.814007422
1054,95.1333226488
1056,95.415508748
1057,95.0812035642
1059,95.8130261345
1062,99.008228608
1063,105.691567738
1064,95.415502549
1066,95.09671533
1070,105.277720901
1076,111.965147332
1077,97.2640385877
1078,112.035744991
1080,111.783749464
1082,110.357626282
1083,96.4079427869
1089,111.543853053
1091,96.4120818115
1093,95.7821090554
1097,95.8374790332
1099,93.425625647
1101,95.5182072243
1103,95.2587737227
1104,111.953801619
1106,112.308119308
1109,94.9977155984
1110,112.091829156
1111,96.3052010089
1112,113.782870318
1114,95.089363456
1116,94.2435590621
1117,112.248993277
1120,93.692435902
1124,112.181917572
1125,93.994102347
1126,112.078654794
1134,112.026520262
1137,94.140195988
1138,111.941223429
1144,111.807154157
1145,95.1686493555
1146,93.8786201646
1148,95.2592492546
1150,93.7057852777
1152,105.357418048
1153,95.873023147
1154,105.333258398
1155,95.5805052504
1157,93.4282902117
1162,95.5849573669
1165,112.079273733
1166,95.1986116407
1167,105.237063956
1168,95.5153072783
1169,105.110914921
1171,115.787562649
1172,95.834704897
1173,105.110911822
1174,95.1885646093
1176,96.5250413496
1177,105.108717083
1178,95.1656468412
1182,112.1394137
1186,95.5315139825
1187,112.247994886
1188,94.1559913539
1189,115.959789562
1191,105.557016811
1192,95.5658654392
1197,111.764103506
1198,93.7063352192
1200,79.7346628599
1201,95.3261759206
1203,95.7399928513
1209,115.685809135
1214,105.096227952
1218,111.247389917
1222,94.0977650532
1226,96.8381797683
1228,95.2670983248
1230,93.9701502817
1232,79.8637689967
1233,95.4631430277
1236,114.066470443
1238,94.8816183952
1241,111.807078995
1244,105.482726199
1246,94.065305153
1247,112.210069233
1250,112.453756069
1251,93.4907568689
1254,112.222795472
1255,94.8854335608
1256,111.875164525
1257,93.8222452179
1258,93.6298847182
1259,111.792135143
1260,95.8068844997
1263,111.808352695
1267,79.4495331687
1268,111.969312713
1271,95.5635754546
1272,111.820725627
1274,105.370790915
1275,95.5848698071
1276,111.81352076
1277,93.877358077
1279,93.8785171075
1281,95.2574045177
1282,94.1559185166
1283,112.099283108
1285,112.086955458
1286,94.1274240412
1289,111.906567164
1296,112.175286204
1299,93.7152041637
1301,95.0288918895
1306,93.6218843261
1307,95.1576220058
1308,94.0681290171
1313,111.81349209
1314,95.7683905385
1315,112.083426715
1316,93.9493070509
1317,111.818461988
1319,93.9365620152
1323,95.5432722752
1324,105.464700193
1325,95.1988922433
1328,105.640459821
1329,95.6705392823
1330,112.058632434
1331,95.1136961018
1332,105.214108257
1337,95.1001758682
1338,111.958356457
1339,93.6516070163
1340,112.172577426
1343,112.301177909
1347,105.432037544
1348,95.2116373419
1349,105.258319893
1352,93.8772112741
1354,96.5310657725
1359,112.188806146
1360,95.5286217152
1363,111.847229014
1364,96.4239936268
1365,105.156265656
1366,95.7520778134
1372,95.7846376094
1375,105.907890385
1376,95.0603261152
1378,93.5810467271
1379,112.395187984
1380,95.5167417687
1381,105.117176629
1384,110.685604996
1387,93.7138867073
1388,111.942479055
1392,79.9279327685
1394,105.177563425
1395,95.8789137503
1396,111.834178934
1398,95.3453364136
1399,111.834176609
1400,94.0701773578
1401,94.0020183748
1403,95.2595348103
1404,110.062154821
1406,111.834171185
1407,95.0688184706
1408,111.83704301
1410,79.478050706
1412,111.830353599
1413,95.7824810496
1415,95.7743591659
1420,111.837033711
1422,111.276034515
1423,109.156538283
1424,111.837030612
1425,95.8235340179
1426,79.4780383082
1427,95.7385700132
1429,93.1403616826
1430,112.063120767
1431,96.5338541379
1432,105.105036658
1434,112.180749204
1437,95.5714227237
1438,105.180121672
1440,112.095884917
1441,112.036136062
1442,95.1641930086
1444,112.116297246
1445,95.761953549
1446,105.360647361
1448,93.4319189933
1453,94.2484718137
1454,111.830321055
1455,95.5644123814
1456,110.837513679
1458,111.830317956
1459,93.8220567696
1461,95.2960224208
1465,93.7138262678
1466,111.99223109
1469,95.5419098766
1472,94.2484570913
1474,95.1184408211
1477,112.310283928
1479,112.130028712
1482,93.6128652914
1483,79.8491007548
1487,95.4661683236
1488,112.008669869
1490,112.134090564
1492,111.570805514
1494,115.948327775
1496,105.438851742
1497,95.5988478479
1499,95.8066988308
1502,94.8687204818
1507,111.39317616
1508,93.8770903952
1509,112.108678432
1511,93.9518435851
1512,112.325181143
1513,115.263965678
1514,105.813769956
1518,112.127896485
1519,93.5787928225
1522,111.922574955
1524,79.7331056954
1527,95.1641271451
1529,93.8883128994
1532,104.892799233
1536,112.123412817
1537,115.706114056
1539,106.115373352
1542,112.815103805
1543,95.0601967127
1544,105.355152603
1545,80.4907032924
1550,95.0668775995
1551,112.175708969
1554,105.432488963
1556,105.395695077
1559,93.8207619404
1560,79.8348477373
1562,95.4278388295
1566,93.5874241313
1567,112.105037478
1569,105.234998685
1570,113.787952473
1571,111.976825112
1574,93.8770392541
1578,105.453467998
1580,93.6630176488
1583,112.199620884
1584,93.8770315054
1585,112.266268216
1586,94.1181604658
1587,112.067071337
1588,93.6213342608
1590,115.123821278
1592,104.634832952
1596,110.936827968
1598,111.756079231
1599,95.0619833856
1604,114.315213789
1606,104.745205491
1607,95.7823307258
1608,104.751533013
1609,115.798168894
1611,95.7207693204
1613,96.6270606936
1616,95.8214316759
1619,112.127362184
1620,93.579559444
1621,112.128094164
1622,95.1535522346
1625,110.705594287
1627,115.798154946
1629,111.845769431
1634,95.4840227406
1636,95.0813394499
1638,104.912732755
1639,95.2434691989
1641,95.7193355104
1643,95.8947068773
1644,105.059917795
1645,115.979995299
1646,95.1547845051
1647,105.530461864
1648,95.4266271149
1652,93.6629618585
1653,112.09079697
1656,93.9326537421
1658,95.0619376686
1659,112.150569495
1661,95.2797447948
1663,95.7822873333
1664,112.176833087
1665,95.5597921192
1666,105.379536765
1667,104.897283515
1668,79.8048902718
1669,104.665423008
1670,95.901989274
1672,112.088576049
1674,112.254042764
1677,112.00852342
1678,93.6709168588
1679,112.036317605
1680,94.0834206528
1683,105.145067131
1686,105.148528645
1687,111.273600406
1689,112.202545929
1690,93.9602446172
1691,115.670389027
1692,112.212067935
1693,93.8769470451
1695,95.0883093899
1696,94.2482835215
1697,112.105247076
1700,105.37951042
1701,95.4535743216
1702,112.08600612
1703,93.5834194941
1704,112.462726096
1706,95.8281444955
1707,112.480894333
1708,95.4067556398
1710,95.8948557358
1711,105.053147637
1713,106.070578657
1717,105.039115239
1719,105.453358742
1720,95.0578099091
1722,95.5831417919
1725,104.641031186
1726,95.4022841516
1727,105.058563938
1729,112.095034411
1730,93.6247640556
1731,111.936075925
1733,105.379484849
1734,95.6111369625
1735,111.275791983
1738,96.6269638355
1742,95.0051683606
1745,112.253987748
1747,95.4602249887
1749,95.4784822008
1751,95.4313699536
1752,79.659729698
1753,104.874738112
1754,95.2262081146
1755,95.7809860701
1756,106.400091229
1758,113.214706136
1759,95.5644891395
1760,105.203846033
1761,112.093258363
1762,93.8920951376
1763,111.982056327
1764,94.6251715665
1766,96.4729337637
1768,95.2084915832
1769,79.4604350041
1771,112.142045078
1772,95.2096970293
1773,105.112745591
1774,95.4986752218
1775,112.213458757
1777,112.232968107
1779,95.5644736422
1780,105.828667214
1787,93.5836667225
1788,95.3290161263
1790,95.4264974385
1796,112.116310364
1801,93.5995462158
1803,95.4444113696
1807,112.107335902
1809,112.502662289
1812,94.8591566753
1813,112.043052968
1814,93.9863997596
1815,113.067319424
1816,94.3209591308
1818,93.301492869
1820,93.941010077
1821,113.679577009
1822,95.6787235204
1825,94.8323821952
1826,105.048581342
1828,95.4159165957
1831,105.185367747
1836,112.611025031
1837,95.168567992
1841,95.1184687627
1844,104.729820587
1848,95.3045473
1851,106.115443911
1852,96.4038688772
1853,93.6618465307
1854,112.186101852
1856,95.495452647
1859,112.504852316
1860,95.4354000732
1861,79.8222878946
1863,105.876901583
1865,95.1862575618
1866,105.721620067
1867,95.9016202258
1868,93.5969765802
1872,95.1848260787
1879,95.7382470556
1880,105.147739032
1882,95.250029888
1885,105.158626329
1887,105.086081128
1888,95.7585991876
1890,113.7651549
1894,96.6204689627
1895,105.169578047
1896,95.3918771513
1897,112.25875604
1900,112.056907481
1901,93.8208092536
1902,112.339547174
1905,93.2420521918
1906,111.980753752
1912,105.662537241
1915,95.4258652152
1916,105.117994884
1917,95.6716938133
1918,105.078630189
1920,79.8227605904
1923,94.9074902813
1924,105.220484921
1925,95.4152489803
1930,115.798232479
1932,111.845735231
1933,95.2498978564
1934,112.931334677
1935,93.8274692191
1940,79.4621588108
1941,94.9242322052
1942,113.028621145
1943,94.2207267509
1944,93.3176342675
1945,110.981646059
1948,115.706107903
1949,93.9574721813
1952,95.1081096014
1954,93.8770571224
1955,111.836931476
1958,94.2508289476
1959,79.719971205
1960,111.981903678
1963,95.6916796558
1965,95.2741569784
1968,105.116308645
1969,96.4238371505
1971,95.6853569367
1972,111.984996042
1973,93.5618502479
1975,93.5857992594
1977,95.3429544386
1978,94.352423568
1979,112.111631995
1981,93.5905841134
1982,112.205577926
1987,112.006927832
1988,93.5874094553
1993,95.1428691115
1997,95.355300592
1999,95.4390996123
2001,96.627072363
2002,113.67979631
2003,93.7477250852
2004,80.5752007481
2006,112.119255839
2007,95.8589112471
2009,105.531657608
2010,95.6022996296
2013,96.1596700097
2018,79.7330216538
2022,105.41764963
2024,111.798712769
2025,95.771970045
2026,105.488569046
2030,105.810362072
2031,95.1884337096
2032,105.617246327
2033,95.4420080234
2035,93.1522843576
2036,112.063106612
2037,93.6951620513
2040,96.6158982919
2043,112.728991741
2044,105.734345254
2046,105.71094262
2054,114.254275726
2055,95.2818189351
2056,105.828453351
2059,93.8492493925
2060,93.8206860501
2062,93.3667920854
2063,112.021964666
2066,96.6203356859
2067,111.280304585
2072,94.0646917424
2073,112.113088938
2074,95.2916496318
2075,112.725975024
2076,95.1132773055
2080,93.5630077558
2082,93.8206690031
2085,111.901300128
2087,112.411895883
2091,111.766238613
2092,95.8973867095
2093,105.85258921
2098,95.3203963416
2101,111.981794422
2102,93.2968152668
2103,79.4620325078
2105,105.701887597
2106,95.5810601728
2107,112.693870285
2110,95.3366891645
2114,94.3085175899
2115,112.991071385
2117,85.127904515
2118,95.3617849902
2119,104.982831734
2120,95.4414453277
2122,93.6738826246
2123,112.102382759
2126,95.7043055143
2127,105.235713117
2128,95.1249326873
2129,111.818890464
2132,96.6391800374
2135,105.414313449
2138,95.3390051987
2139,115.798070532
2141,111.505295235
2142,95.2523142449
2146,95.7982929549
2151,112.189495374
2157,105.391953877
2159,112.517480612
2162,95.5772264248
2164,115.728119133
2167,93.9627500727
2168,111.977659557
2171,93.1550501835
2173,95.6702662069
2174,105.329610358
2175,95.1893582016
2178,95.5878129286
2180,96.6253720768
2185,111.918755954
2189,93.789692246
2190,111.278647691
2192,104.581075095
2194,113.687013942
2200,113.228670969
2201,93.7551766007
2203,112.011761474
2204,93.7650764337
2205,112.206439354
2209,111.738496375
2213,105.045214499
2214,94.8300206657
2215,112.509016373
2216,93.757393748
2218,94.9283331995
2219,105.101707437
2220,95.526706063
2222,93.5454494383
2223,112.114828329
2225,112.226823823
2226,94.0901266421
2230,95.2225724771
2233,111.210983301
2234,112.194209083
2235,93.7650524129
2236,79.6107180284
2237,95.3849065435
2240,113.511791402
2241,93.9823067537
2248,105.275275042
2249,95.8330447981
2250,111.979510946
2252,111.965485443
2253,94.0815411032
2254,111.948925689
2256,80.0047766238
2258,93.9236024351
2259,112.014476602
2262,96.6186222271
2265,95.5886005489
2266,105.403952611
2269,95.2220127858
2271,96.5356862173
2273,93.6901720352
2274,111.99028585
2275,93.7618055716
2277,94.9078981048
2279,93.7650183188
2280,79.8016127991
2282,96.6252930406
2283,104.701144738
2288,93.6024553219
2289,110.838011679
2291,95.4369300167
2292,115.606523751
2297,95.4861789266
2298,105.040055591
2299,95.3176307779
2300,111.978131302
2301,93.6025309311
2304,95.2800644084
2305,106.079158179
2306,96.618588133
2308,95.1159934921
2309,112.827358945
2311,106.79549693
2312,105.183357158
2316,104.900506687
2321,105.02546881
2322,112.112697996
2325,104.933860347
2326,95.3382524231
2329,115.606495081
2330,94.9056282666
2331,105.166050174
2332,111.249934638
2333,96.6185672116
2334,104.608825807
2335,111.871829909
2337,112.226112866
2338,93.5894158914
2340,111.249928439
2342,93.9290925755
2345,94.2268024001
2349,97.3802615471
2351,79.7745977568
2352,95.4330176628
2354,111.832426653
2355,115.649968573
2357,112.226721541
2358,94.2512419946
2360,95.5705821066
2361,111.832421229
2364,95.1622293148
2366,96.3892142693
2369,104.802565694
2370,95.7997788552
2371,111.246091482
2373,116.884918667
2374,95.3609487314
2376,112.0545321
2378,110.514841574
2382,96.5344150757
2383,93.9221149673
2386,105.235648651
2387,95.7567330127
2389,93.1649310194
2390,110.430736183
2392,93.8619105669
2398,111.249883497
2399,95.4262523442
2400,94.0584184608
2401,112.206982649
2402,95.1294672771
2404,93.9225874307
2407,112.198092177
2408,111.824817985
2409,111.963316979
2412,84.1618772148
2413,95.819068305
2415,95.2906205907
2420,110.933351609
2422,95.2229354111
2423,104.573474903
2426,95.6818715624
2432,94.8826522104
2434,93.6375804235
2435,93.1413691534
2436,112.436004004
2438,110.26156326
2440,112.035084139
2443,95.3134359259
2444,93.913156686
2447,105.191527921
2450,95.8196359471
2454,93.6086470658
2455,112.273839375
2459,96.6184695787
2460,112.284113808
2463,95.212436639
2465,93.9815360492
2468,79.4515992699
2469,93.7458024127
2474,93.5972076536
2478,95.0946585664
2480,94.015130759
2481,113.511604659
2489,96.6251326436
2490,105.837932035
2492,93.8254760339
2496,96.6184409086
2497,112.769093039
2500,95.4160630714
2505,96.6139763943
2507,93.1386185797
2508,112.19665569
2509,95.8411677581
2510,80.7937772561
2513,93.5771344858
2515,96.6251124971
2518,93.9220103605
2519,110.554816698
2520,93.9220088108
2521,112.408443406
2523,112.241346266
2525,94.9956372237
2529,112.181362277
2530,93.7505250036
2533,110.965758918
2535,93.481342107
2538,105.161301337
2544,110.065164043
2553,111.924784931
2556,95.2465459288
2558,93.5926764044
2559,117.313985809
2560,94.8199112789
2561,112.045069948
2562,93.9907173232
2563,112.10009543
2564,93.6187233264
2565,111.252939786
2567,105.207779911
2572,95.2711459683
2575,95.4179535904
2576,112.141440111
2577,93.51518938
2578,95.5874009856
2579,111.78349757
2580,92.9777892351
2582,112.277471692
2583,93.9448423079
2587,95.3568142996
2589,112.026220694
2590,95.2403936784
2591,112.181314236
2594,93.8428793657
2597,95.8126490581
2598,105.47996627
2599,95.7873725352
2600,104.675648085
2602,111.141093214
2603,95.2711219475
2604,105.196397255
2606,111.771492661
2607,79.5865156824
2608,94.0630271465
2613,112.196886647
2614,93.9429981886
2615,112.946653122
2617,112.163513831
2620,93.7024600067
2623,111.987070011
2624,94.3174720421
2627,112.188301443
2629,79.5864986354
2630,93.0607815045
2632,95.4887258696
2636,93.9789586915
2639,94.9178815677
2640,105.25458562
2642,112.172700362
2644,105.396599551
2646,112.407473139
2647,93.9710758181
2649,95.3138887709
2650,110.328159714
2652,105.342031688
2653,104.637092394
2655,111.637025167
2657,111.232359103
2659,111.849657929
2662,93.9266686376
2663,113.511775951
2664,95.694699115
2665,104.736913718
2670,95.3504374473
2671,104.85414997
2672,95.6919725295
2675,105.342013866
2677,112.147357528
2679,111.814753189
2683,112.058884138
2684,94.3145797391
2685,94.9893638237
2688,105.00907634
2689,95.4614434575
2690,105.074982683
2693,95.1665921845
2694,112.416914887
2697,99.5042965813
2699,95.4525693749
2703,94.1537998063
2705,105.139138701
2709,80.4868929773
2710,94.976429084
2711,112.045830945
2712,95.7684651825
2713,95.7704610009
2714,112.111999802
2715,93.1394644932
2717,93.5963574121
2718,110.566411968
2720,112.072641887
2721,95.315897772
2726,95.5181625457
2728,94.8640123223
2731,105.163981892
2732,111.842940398
2734,93.9420859819
2736,105.504292902
2737,95.7354994371
2738,104.677857337
2739,112.338036303
2746,94.9471209073
2749,104.576477844
2751,116.008332199
2752,105.868055021
2753,95.1711315495
2757,105.480309168
2758,95.4617531335
2759,112.215197025
2760,95.2506664224
2762,111.980773736
2764,95.6777764819
2765,110.857542648
2769,112.192849081
2771,112.285550566
2774,94.2930168886
2776,93.9335455032
2777,114.265006458
2778,93.8188804287
2779,112.147031021
2782,93.519659448
2784,93.5692906519
2787,93.5179210593
2789,95.775771001
2792,95.7963176597
2798,95.884592871
2799,105.218519071
2800,95.3028958162
2801,79.9276843392
2802,93.8892735946
2804,95.2264498344
2807,105.100817189
2808,95.8585890194
2809,115.897785279
2811,115.322835084
2812,95.2312434158
2814,93.626826746
2816,95.3162250097
2817,112.165900476
2818,111.919768265
2820,112.045055436
2821,80.3089059232
2822,95.5405634507
2823,104.98741571
2824,95.3065691857
2826,93.8855234761
2829,93.816984602
2834,94.8770439816
2835,79.7577956371
2838,95.6314171734
2839,111.876072221
2840,93.2932897328
2841,111.849202778
2842,96.6184851224
2846,113.722993697
2848,95.4816540181
2849,93.1586715642
2850,112.127184777
2851,95.5814624004
2853,93.9710100243
2854,112.17253609
2858,113.782756423
2861,95.7391692242
2864,93.8255001012
2865,113.511619428
2866,112.087268376
2867,93.0166634761
2868,112.173280752
2870,111.941689779
2877,95.249423756
2878,112.188106952
2880,112.061863671
2882,79.7421030879
2883,95.837373909
2884,105.151716915
2885,94.8967069696
2887,96.6251365643
2888,112.092007482
2889,95.7211639151
2890,105.341158787
2891,106.814428507
2892,115.725979304
2893,93.9919572769
2898,112.265245575
2899,95.2315545692
2900,111.994118267
2901,95.4736847415
2909,95.5073144783
2910,112.065965396
2911,112.276260183
2913,111.982256001
2914,96.3555932036
2918,93.9865754819
2919,112.014649712
2920,94.0957758074
2921,112.188073633
2922,95.9984045049
2923,104.842204182
2925,111.337845545
2926,92.9784803956
2927,112.165793214
2929,112.133711921
2933,94.1310525389
2934,112.068442681
2936,110.834849685
2941,105.124528981
2942,94.9657468851
2943,111.976726405
2945,105.563622729
2950,93.6238615989
2951,111.987214394
2953,114.10220515
2954,95.3116809651
2955,105.010632533
2956,95.6803219055
2960,96.5195563177
2962,95.2171923826
2963,106.271471578
2964,105.299215816
2966,79.7958365631
2967,94.2992820028
2968,112.365061087
2969,93.5840920923
2971,93.4969431024
2972,95.4862805268
2974,95.2256581714
2975,112.10647973
2977,115.988604203
2980,112.168047813
2981,93.9587587952
2983,95.6932910694
2984,105.727458429
2985,115.599166769
2986,105.946220122
2987,95.4862689039
2989,95.3417336569
2990,111.98799231
2991,95.2577757704
2992,79.4499615662
2995,99.5043779885
2996,104.549774246
3002,112.678943979
3004,111.818332804
3005,115.596922501
3006,95.4323220441
3010,95.8396818052
3011,105.646408262
3014,92.9787245246
3015,93.9981535999
3016,95.5695745777
3017,111.017803029
3018,93.4701813534
3021,104.561598049
3024,105.422750821
3028,94.9224001836
3030,93.8189974798
3032,95.3072061199
3039,95.3900545294
3040,105.041901653
3041,95.8540029938
3043,93.982621478
3044,112.149716028
3046,111.80581732
3055,93.2827367922
3056,111.815614201
3058,93.666662178
3059,110.812858711
3061,115.721703128
3063,105.170646702
3066,95.1230380667
3067,105.422717502
3068,79.7686153828
3069,95.315940436
3072,115.196283484
3073,112.102467522
3074,95.3469861889
3077,93.6184809118
3082,94.2898233175
3084,99.5043090256
3085,112.123793511
3088,105.355443232
3091,93.6264502772
3092,112.039825836
3093,95.6674247755
3094,105.175030032
3096,112.946891934
3097,93.623080181
3098,79.9143402901
3102,115.390228085
3106,94.0877008368
3109,93.8599123513
3111,93.0952237669
3112,115.586160991
3113,95.3092200311
3115,94.062946607
3116,112.192116453
3117,93.7645180993
3121,112.195342922
3122,93.885049779
3123,95.4162049646
3124,105.547688947
3125,95.5694901174
3126,104.601874306
3127,115.712739479
3129,94.432766469
3130,112.161133113
3132,105.247372369
3134,106.084256677
3135,96.4406575583
3137,81.2977190385
3138,95.2263310154
3140,95.7344852461
3144,112.038455924
3145,95.7268299301
3146,112.958760809
3147,95.288608682
3148,105.164099798
3149,104.820129569
3150,112.048921339
3151,94.1711204956
3152,95.1183605708
3155,96.8265453552
3156,112.101291029
3159,93.5884998936
3161,95.4776844617
3162,105.371019871
3163,95.8175254442
3165,104.569625562
3172,93.6832759165
3173,113.114204387
3176,95.134340907
3177,105.098108097
3179,112.106321658
3183,94.0205536069
3186,95.4339863104
3187,105.597847701
3189,111.954936419
3190,94.2445356302
3192,115.712689113
3193,93.6832596443
3194,112.139609003
3197,95.5602091622
3198,95.1652190338
3200,94.0715685045
3201,116.224328349
3202,95.1652159344
3204,96.6140593978
3205,93.9299679747
3206,112.066133042
3208,104.94573301
3210,104.600271614
3211,95.1672597339
3212,115.712037244
3213,95.361843747
3214,112.005133869
3216,105.341218498
3219,93.5661525885
3220,110.81699019
3221,95.3091363457
3226,108.75547318
3227,95.7973525923
3228,111.819515395
3229,94.2877087218
3232,79.4516319072
3233,95.6609829609
3234,95.2185738255
3236,95.799669423
3238,112.14298293
3239,112.26846972
3240,93.3354968686
3247,112.019549651
3249,105.087899461
3252,118.126797756
3253,95.7915807652
3254,105.162767706
3255,95.1680294945
3256,113.165988592
3257,94.239201672
3262,95.7539257696
3263,105.320479852
3264,95.6800832471
3266,112.272805836
3267,95.7265430541
3269,95.2898229392
3272,115.588265782
3274,95.5601494976
3275,106.493505332
3277,95.3260418248
3279,96.0917314155
3280,105.55235838
3283,96.1345533459
3285,96.6251404851
3287,95.0378782068
3288,105.422546257
3290,105.224094349
3291,95.3869432402
3298,112.005495819
3299,95.1776093834
3302,112.54464798
3303,95.8502837599
3304,105.253050754
3307,94.9400141586
3309,93.8789822609
3314,79.8212181934
3316,112.14063043
3317,95.4734106548
3319,94.087579948
3320,112.13548642
3321,95.4444748956
3322,105.227115987
3324,93.5595370349
3326,93.8533724883
3329,111.778811578
3330,93.6184420969
3331,112.067018955
3335,115.716399477
3337,95.7345163173
3338,106.332128067
3339,96.0015201263
3340,112.185816927
3341,94.5041988391
3343,93.5639988944
3346,93.0137139214
3348,95.8490101466
3351,105.422809758
3352,115.699182536
3355,93.5885134109
3356,112.474582336
3358,105.135063874
3359,96.4020765215
3360,112.959931072
3371,112.251195892
3372,95.3126577488
3374,95.7814630992
3377,112.593774263
3378,93.0748681953
3380,105.110998217
3382,95.4779332644
3386,95.1799968174
3389,112.19738186
3391,104.999485946
3393,95.2524578872
3394,104.774990594
3395,95.6696055961
3397,112.188329431
3398,95.8228758426
3399,80.6282958471
3400,95.8341329337
3404,104.948037421
3407,111.948964987
3409,106.010380336
3419,95.3240153408
3421,94.0013326916
3425,96.0157884548
3427,79.6346403799
3428,115.588457221
3429,111.896116562
3431,93.3620268519
3435,95.1232444459
3436,112.113935422
3439,94.3888042381
3441,94.0035612039
3442,115.577727857
3443,95.7540978361
3444,104.559793424
3445,95.2777804561
3446,110.376730704
3449,93.8189851284
3453,94.9151572583
3457,95.3601395947
3460,105.296654788
3461,95.3470166443
3462,94.2466027928
3464,105.170648299
3465,79.7609323012
3466,95.8252485583
3467,105.176056378
3468,95.7374883762
3469,105.247042645
3470,104.636882451
3472,112.190476968
3473,93.6449943805
3475,93.43054561
3476,111.942449911
3478,105.347754911
3479,95.5270644453
3483,95.3374735228
3484,104.919368023
3485,96.4519498672
3487,93.4298623399
3488,112.034993517
3496,112.806093589
3497,95.2690355405
3499,96.5319393999
3500,79.5789435537
3501,95.4178606995
3504,95.7552936166
3508,105.703676809
3511,94.055945323
3512,113.961745281
3515,93.9623204194
3517,95.2643520441
3518,105.693496142
3526,112.227980522
3528,124.238087982
3529,93.4799756255
3530,112.472487399
3531,93.9456430053
3532,111.746641866
3533,93.9568114062
3534,95.3238172711
3535,79.6693828914
3536,93.7379701146
3537,111.949870714
3538,95.3430105075
3539,111.802953253
3540,105.185768665
3545,111.918661123
3546,93.5842892749
3550,105.166292022
3551,95.2672905893
3553,95.6735846072
3554,105.296581951
3557,95.3848206728
3558,112.192904939
3559,93.8188998933
3561,95.3860211345
3562,112.188201578
3563,95.4124869059
3564,105.36533725
3565,95.2776874723
3567,93.8664973978
3571,105.365331826
3572,95.7896300648
3574,95.5156057482
3576,95.1643670974
3577,111.911131648
3578,95.4225905381
3579,95.1688223133
3583,95.314157881
3585,95.73010175
3586,104.977741838
3587,112.120974032
3593,93.5605628585
3594,111.098803464
3595,95.3899360215
3599,95.8129962675
3600,105.228208503
3601,112.190377011
3602,93.8188665741
3604,95.300969724
3609,116.207689783
3610,112.31867869
3612,111.953144217
3614,112.993391195
3615,95.2403173755
3617,96.0850955173
3618,111.899394358
3619,111.85747815
3620,111.957742921
3621,95.1773954092
3625,95.2565186707
3626,104.601194232
3630,104.590687271
3631,95.1152414561
3632,105.450446308
3633,95.7418210373
3634,112.056606825
3637,95.3185849317
3639,94.0361158376
3640,112.190739559
3641,93.5651987987
3644,112.467672864
3645,95.2308426119
3646,93.9823324237
3647,93.5966949148
3648,112.140771901
3653,112.018236241
3654,94.0650700421
3655,112.335461749
3659,104.691111457
3660,95.7446193504
3662,111.888822757
3666,93.5902436447
3668,96.3236511768
3671,93.6984319768
3673,93.9625751714
3674,113.332241696
3675,93.9518660427
3681,93.8691767474
3682,112.073068248
3686,111.983272106
3687,93.3539744545
3692,81.081606572
3695,112.115994092
3696,95.1378684353
3699,112.296785816
3705,114.33127533
3707,79.4311102377
3708,95.6769748142
3709,112.192790648
3710,95.2479888007
3712,95.1644873764
3715,112.047066946
3716,95.1868723155
3720,112.19871782
3722,79.4310986147
3726,95.8772798073
3728,93.6525177559
3729,112.28830818
3731,105.041412049
3735,112.438258314
3736,94.3413039987
3739,104.562474833
3741,111.870977111
3743,104.748973192
3744,95.4252956693
3745,112.124600118
3746,94.9764153859
3751,93.9317156781
3753,95.3060569939
3760,111.843751993
3761,94.2588386883
3762,111.784210299
3763,93.9763150007
3765,93.966086115
3768,112.091044949
3769,95.1791029662
3770,105.632801226
3773,112.078312813
3774,95.6831661045
3776,95.6954931125
3778,94.1311506666
3779,112.9191112
3780,94.9362048975
3781,112.030158232
3782,94.1118454638
3783,112.132182036
3784,95.2272402283
3786,95.8781702666
3789,113.051848395
3790,95.5914044782
3793,112.165697903
3795,112.046384624
3797,95.7376992453
3798,115.569734133
3800,112.106346728
3804,95.6876003991
3810,95.7527474312
3815,112.123654177
3816,95.6875911007
3818,104.974146181
3824,112.161089228
3828,105.30308344
3830,111.923066004
3831,95.8247629853
3832,79.5510605761
3834,112.057574826
3835,94.0768313138
3836,112.229705413
3838,96.625961253
3839,115.656779777
3840,112.188742771
3845,93.9937406729
3846,111.816680975
3847,95.2650332899
3849,79.7693002657
3853,112.033061128
3855,105.674268617
3856,95.7791771779
3864,80.4857044565
3865,95.8849258898
3866,112.896022507
3867,93.8452824683
3868,112.106294038
3869,95.7955111831
3871,93.4654360779
3875,105.310711008
3876,93.6639686275
3878,95.2180092417
3879,112.058716511
3881,112.106283964
3883,111.959817821
3884,93.8830377933
3886,111.89863784
3890,95.8034924403
3893,111.899213283
3897,106.315666836
3901,93.8293825681
3902,111.95737527
3913,112.272425335
3914,94.100706385
3916,93.6504278569
3917,112.151273729
3924,105.625188993
3925,95.9622466405
3928,95.8394518571
3929,111.998969453
3932,95.6793969145
3933,105.437028117
3934,79.6919857454
3935,93.8293549768
3936,95.572924057
3937,111.80899082
3938,93.4390226885
3939,112.206779815
3943,93.5452750565
3944,112.156564556
3945,112.118193959
3946,95.3122859449
3947,112.090645272
3948,94.3047755769
3949,112.116752502
3950,95.3257581591
3951,111.830165075
3952,94.2502832308
3953,112.211580177
3961,114.062895304
3962,93.9748264326
3966,95.3453728136
3967,104.791125949
3968,95.7731704722
3969,112.203041236
3970,96.5423208712
3971,105.751422423
3973,95.2509624128
3974,112.132855754
3975,112.303950316
3977,93.9304964889
3979,112.226931044
3985,95.2654401241
3986,105.067745253
3988,112.155395677
3991,95.7392125124
3992,105.144571827
3993,95.2633311873
3994,94.0666689988
3995,112.157785258
4005,112.237992054
4007,95.1557108815
4008,104.989938192
4009,95.7957870403
4010,112.244796148
4011,79.4377816839
4012,95.2302201524
4013,106.109528893
4015,112.643223819
4016,112.148383478
4018,112.079992046
4025,95.5617112426
4026,112.105728685
4028,112.401281038
4029,95.6647942325
4031,93.8863771589
4032,112.122441324
4033,94.9650409828
4034,104.998867048
4037,95.7545325096
4038,104.659868071
4039,95.0776174935
4041,95.7592322637
4042,111.844443937
4043,95.7079860028
4044,105.436942107
4045,95.3581305574
4046,112.254179375
4047,95.7709970775
4048,105.632012551
4049,95.2688327447
4051,94.2935815651
4052,112.128958575
4058,105.333396366
4062,111.952828858
4064,112.332442933
4067,95.1534356193
4068,79.7713071105
4070,94.0620537702
4072,116.314315684
4074,112.49501015
4075,95.3021396491
4076,112.189981864
4077,93.7279271203
4078,112.188463583
4080,105.436914212
4082,112.347564151
4085,95.2746583535
4086,112.64040089
4088,112.105680643
4089,95.3097698434
4092,79.7609371422
4094,93.8454340876
4095,112.102080898
4096,95.8138848947
4097,104.802559186
4102,93.9900639887
4105,113.00615401
4107,111.778718411
4111,95.2635348202
4112,105.893284586
4113,95.8319445168
4114,115.485824564
4115,94.0593220425
4116,112.173501797
4117,95.1143937389
4118,95.7793727307
4119,111.772031019
4120,94.1080627867
4122,80.4224559627
4125,94.070657869
4126,112.118281345
4129,112.039836581
4134,112.818211713
4137,93.5961290943
4141,105.129392986
4142,96.2890045849
4144,96.628847315
4145,105.625017748
4146,96.3628964658
4150,95.1764402473
4151,81.3362881538
4154,95.1533682061
4156,94.2804595859
4157,113.189145133
4159,112.148272672
4160,94.2742008078
4161,112.93359768
4168,95.4348184021
4171,105.022559357
4172,105.740251022
4173,95.6669114223
4175,94.9371656879
4176,105.436839825
4177,96.6288217445
4178,104.894276532
4179,95.3122226511
4181,112.162987865
4183,95.6646749033
4184,112.202510778
4185,93.9299935917
4186,111.997189758
4188,117.895397907
4190,111.873524179
4192,93.9359212741
4193,111.947292151
4194,112.139444278
4195,95.3345971009
4196,79.585766734
4202,95.6837288626
4203,105.235745485
4208,95.7349732848
4209,112.86875876
4210,94.1589787243
4211,111.761094745
4212,115.734099977
4214,105.298902499
4215,95.2921535651
4216,113.681514699
4217,93.9666174685
4219,95.8948101958
4222,111.808769984
4224,79.6682314258
4231,105.576208292
4232,95.6646369349
4234,94.1468039087
4236,96.6287760274
4237,105.335031287
4240,95.2920077068
4242,106.117137512
4243,95.849057333
4247,94.0817071869
4248,112.422707876
4249,93.8500717686
4254,104.618589878
4263,95.2936757715
4265,112.134318062
4267,111.213986008
4268,111.979853622
4271,112.173848633
4272,95.1878279495
4273,112.115731252
4274,93.7259646004
4276,95.1814342816
4278,95.5920378187
4280,95.8336800216
4281,112.124062927
4283,93.6146588467
4284,111.994370235
4285,95.8210540275
4286,111.905846089
4287,94.0036824665
4288,112.974996077
4289,93.9119696307
4290,84.1469162127
4293,93.748167855
4296,110.666474965
4297,94.0755771928
4299,93.8334367414
4303,114.132853255
4310,95.5249055298
4312,105.208885264
4318,105.334656206
4320,112.192445007
4322,94.0049810817
4323,117.913096744
4325,105.120765607
4326,112.042446264
4328,104.989444661
4330,105.153269492
4332,111.990521636
4333,95.240664
4335,95.4269725276
4336,110.784758528
4338,106.060156427
4341,95.8149803887
4342,105.901525549
4344,105.323357921
4347,95.590909807
4348,105.398542079
4351,110.704763431
4352,95.1859196141
4353,112.350310644
4355,104.625106955
4356,95.274136048
4359,105.451214142
4360,95.6962842021
4361,95.2655537473
4364,95.4196839531
4365,105.213551328
4368,96.4628309533
4372,95.4390957218
4374,93.1169987197
4376,95.8338544432
4377,104.801974955
4380,95.4213282478
4383,105.714020205
4384,95.5916433659
4385,105.911751456
4389,93.9792804267
4391,95.2514566978
4392,111.894022614
4393,93.8362210467
4395,93.5755012631
4396,112.171491458
4398,112.086633152
4399,102.760502759
4401,93.6900881358
4406,95.2406520172
4408,105.181325892
4412,105.398492488
4415,95.888497944
4418,111.990093902
4419,93.1169638508
4420,79.7594809368
4422,112.145641602
4423,93.1169607514
4425,95.7526133241
4428,112.467876963
4431,112.73238327
4434,93.8710104219
4436,95.2143892659
4437,111.95629282
4439,115.759313665
4440,94.0724290302
4441,112.015650346
4444,95.7858619411
4445,105.298411188
4446,95.3092178767
4447,111.95844355
4452,104.968680439
4456,112.182794874
4457,95.2807440975
4458,111.732395155
4460,95.2740554621
4461,115.665794975
4462,93.9545364289
4465,104.518959027
4466,105.621141909
4468,96.0822344708
4469,104.856490244
4472,112.207772863
4475,95.2649233811
4478,93.7427737717
4479,112.519111979
4480,95.3483327073
4483,79.6931045763
4484,94.9384145551
4485,105.156898326
4486,96.5416087238
4488,95.282375106
4489,104.818892593
4490,95.4346970243
4491,108.966317203
4492,95.8058436474
4493,110.954459664
4494,95.1306292092
4495,104.736384814
4498,81.2794357846
4499,97.2707680162
4500,105.45392219
4503,112.0819822
4505,104.485500679
4506,95.7353717098
4507,95.6960436222
4508,105.325004465
4510,112.09353666
4511,93.5730178639
4513,96.5320534616
4516,79.9700495869
4519,94.0939538862
4521,94.9913697163
4531,93.9890347524
4532,79.6817359666
4533,98.8659676735
4534,112.882429723
4536,105.324982768
4537,95.2806821083
4539,95.7553318638
4542,104.571967505
4545,93.9179190137
4549,93.6187620013
4551,95.1941374666
4554,105.040421559
4556,112.328212537
4559,112.12240943
4561,112.029471503
4562,111.990326262
4566,113.153452974
4569,95.3900130845
4570,112.171356631
4573,95.3312175318
4574,104.61745972
4575,95.8808619468
4577,95.0572264488
4578,111.818924627
4580,111.993151522
4582,93.825745665
4583,112.163311959
4585,95.4169364278
4587,105.313749729
4595,93.9686319801
4596,112.209642349
4601,94.0725079301
4602,112.07303106
4603,95.4322304171
4605,112.243174715
4606,93.8753639033
4607,112.778217095
4608,94.8482343309
4610,95.8643660747
4613,104.8486144
4617,93.5093447801
4618,111.799364887
4619,93.9308205491
4620,95.7619394972
4622,99.0217687033
4625,95.2739276093
4626,105.31371951
4627,95.4079292965
4629,93.1507927705
4631,93.925260409
4633,105.313714085
4634,117.668184203
4635,95.1151296392
4639,95.2089118665
4640,106.099447457
4642,105.030224639
4644,112.247490798
4646,105.313704012
4647,95.8302283275
4648,80.5999304458
4649,95.3944086359
4650,112.456853419
4655,93.6186798656
4660,94.960992999
4661,113.776582245
4662,93.4973068026
4663,112.029266808
4665,94.6001909679
4666,111.934783969
4667,105.07499802
4668,95.839224465
4670,93.9178046649
4671,111.435210796
4672,95.2379012407
4673,104.964678476
4675,104.985428544
4676,95.4864978766
4677,110.773825241
4680,95.8526497742
4682,95.3522957402
4683,112.220931203
4685,105.438041584
4686,95.3171573911
4688,112.163655124
4690,112.251744564
4692,112.167552985
4693,93.9677393116
4697,93.6195842724
4700,111.981704642
4702,112.020184541
4707,115.66431254
4708,95.2748002467
4710,81.2070499168
4716,98.8962431456
4717,95.8457197373
4718,95.1244528559
4720,95.8272774043
4721,81.1466286002
4723,94.365017761
4726,112.116830531
4727,93.5871799813
4729,95.1357116794
4731,94.093468299
4732,112.274513414
4735,95.0055719646
4736,105.121939544
4737,95.4330635364
4738,111.930998011
4739,111.801688442
4744,105.06176249
4747,95.1224343323
4749,113.292136889
4750,95.2747677024
4752,112.174358209
4755,95.7798715984
4756,104.799808263
4757,112.160076463
4758,95.6854324198
4759,105.175084453
4763,95.8479128638
4764,105.123114992
4765,95.2295990232
4766,93.8519679866
4767,112.122836765
4769,112.008473727
4770,94.0704844622
4771,82.2255098951
4772,105.304447177
4774,112.156386719
4776,112.23746344
4777,112.177421057
4778,95.3263373705
4780,94.2419531496
4784,94.2627859542
4786,96.4399177886
4787,79.7453126116
4788,95.8643326885
4789,112.164089288
4791,105.262879344
4792,95.3044455557
4795,112.237723052
4796,93.4421707571
4803,93.021837976
4805,95.8009509223
4807,95.3301168559
4809,93.9798814989
4816,95.3967394338
4817,80.2636694922
4818,93.5963365971
4820,95.0829286661
4821,104.576457129
4823,112.139833069
4824,94.0122720613
4825,111.890203611
4829,104.704721807
4830,95.6838668815
4831,112.256356009
4833,105.71773713
4836,94.1009441073
4837,112.16353967
4838,93.1243023843
4840,94.3823699473
4841,79.9410507893
4842,93.0810415428
4843,111.827348592
4844,93.8499110163
4849,110.574887273
4851,105.140205634
4852,95.2552023043
4858,93.124015464
4860,95.6838436356
4863,112.074697287
4864,94.3275727966
4865,111.871908085
4867,112.491333382
4868,93.9200715729
4869,111.948592498
4873,93.1286928647
4875,95.7981912363
4876,112.89214174
4877,93.4851317819
4878,111.77149735
4880,79.7193721708
4886,112.14609864
4888,105.178034633
4889,95.8927725124
4890,112.214245483
4893,95.6875787161
4895,95.0527605445
4896,105.203510377
4899,94.1724420981
4901,94.9168007862
4902,111.985225949
4903,93.7390690542
4904,112.164000179
4910,93.4439944529
4912,93.9352008162
4915,96.012960886
4916,105.649880049
4917,95.3396950543
4920,105.294046481
4927,104.966801504
4928,94.9316708603
4931,104.994165743
4934,93.8958320958
4936,95.1621487021
4939,114.135213845
4942,112.354032837
4943,95.6904656326
4944,104.994843292
4945,95.283326308
4947,111.783308334
4948,93.3400280726
4951,95.331861584
4952,112.180730214
4953,93.9198826835
4956,93.7390279863
4957,112.329486047
4958,93.9675890986
4960,95.3206938786
4968,94.9795726787
4969,105.204767656
4971,105.149054707
4973,112.147499891
4975,112.477038621
4976,95.3557417375
4978,93.9572313436
4979,112.358742083
4982,94.2467612523
4983,111.815200803
4984,96.8082519155
4985,115.666325897
4986,93.6840717274
4987,114.062724927
4988,95.7863773657
4994,95.3278505348
4995,95.6971116505
5002,79.935980795
5004,95.2636714176
5005,104.886328903
5006,96.6288040155
5007,104.678907603
5009,112.076247762
5011,112.137230195
5014,95.3408368088
5015,105.403550418
5018,93.5125869717
5019,112.229253615
5020,93.8958659198
5021,111.885241063
5022,95.2711386845
5023,93.9726916239
5025,95.6881733234
5032,93.9828559532
5034,93.4599948135
5036,93.8991463767
5038,94.2880573838
5039,113.918615255
5046,95.7426122961
5049,112.229230369
5051,95.5310841018
5052,93.0247373268
5053,112.156170532
5054,95.685922082
5055,95.4605107236
5057,95.2812161297
5059,93.9520816425
5062,97.0731273299
5063,112.110724314
5065,113.992579927
5069,95.2692264564
5071,96.502345505
5074,112.224111762
5075,92.9821246009
5076,114.230762362
5077,79.6734895781
5079,105.294924884
5080,95.4801390434
5081,112.155056322
5083,104.933823019
5088,105.122114402
5089,95.7323904965
5093,111.878643483
5094,105.222142505
5095,95.7600448141
5099,110.799444838
5101,112.083640803
5103,104.75778557
5104,95.2379712015
5105,111.786188769
5107,93.6574039412
5108,113.272876444
5109,95.1339784198
5111,93.9091570886
5112,111.790072397
5113,95.2804938112
5114,111.921209979
5115,94.2737731288
5118,95.8163818414
5122,95.6855570742
5123,79.6818952352
5125,95.3110368839
5127,104.766584824
5128,95.5312571764
5129,115.225736211
5132,96.6283940655
5134,112.310807692
5135,95.3223504116
5137,112.21592448
5142,94.9811615599
5143,104.916364464
5144,93.9587752597
5148,93.9716331019
5149,95.2304601109
5150,105.61543005
5154,79.703613316
5155,94.0630317981
5159,94.0007306638
5164,95.277991664
5165,112.266781178
5166,93.9374105665
5167,112.170019316
5169,93.2172385833
5171,93.8528652027
5172,112.089736094
5176,94.3001023246
5184,113.07591739
5185,93.9865538969
5186,112.114635369
5188,106.119701591
5189,112.872518208
5190,93.8628032849
5191,112.266761031
5193,112.070746461
5196,95.455867401
5199,79.6027157298
5200,105.055688691
5203,93.1685309158
5204,111.954124968
5205,93.8183074717
5207,95.3064977843
5208,108.523953302
5212,95.7197951113
5214,95.2911442741
5218,93.4395398095
5220,94.0055443554
5222,93.618943263
5224,96.4050563732
5225,105.293497831
5227,111.663446881
5229,105.250865553
5232,93.5966100427
5233,116.185516725
5234,105.357770788
5237,112.16122418
5239,111.150735208
5240,93.8947592439
5241,112.228769277
5244,93.9030534337
5248,112.021530532
5251,93.585242934
5253,95.262796187
5255,95.8671939917
5256,105.614436419
5257,95.2785717379
5259,96.3983788849
5260,112.118525203
5266,95.2536089771
5268,93.7734759478
5275,112.143915081
5276,112.154848523
5277,96.1957877457
5279,95.8983086397
5280,105.247212536
5281,95.6702878694
5283,96.2171103496
5284,79.4137395452
5285,95.6965746226
5286,104.885643328
5287,95.2556204334
5289,94.1069670872
5290,112.070671299
5292,106.311410596
5293,95.4841192207
5294,104.758528209
5297,93.9329111354
5299,105.790405847
5302,93.5748831681
5305,79.6879382538
5306,95.9032319866
5308,95.3027696248
5309,94.0156066829
5310,112.277343337
5312,112.076467658
5316,112.217372266
5317,96.3828295731
5319,79.675023754
5320,95.6876324212
5323,95.3463071651
5329,112.371572887
5331,111.811962835
5334,112.030738265
5336,112.047828831
5338,105.154275679
5341,95.1918758514
5345,95.6746895667
5348,93.7732231949
5349,112.141353695
5355,105.448761528
5356,95.2901008008
5360,104.780613654
5362,112.63026007
5364,112.163846584
5366,105.781319196
5367,95.7432140879
5368,95.5238619099
5370,95.7419490358
5371,79.6962439139
5373,104.923839069
5375,112.161117248
5376,93.1493281825
5378,112.134267807
5379,95.0646485391
5383,95.2133301265
5384,104.701188042
5389,112.098502864
5391,79.8069818992
5393,111.944431931
5395,112.202334257
5397,111.897692778
5398,95.274215973
5399,112.060979915
5401,115.769574732
5402,93.4504398927
5403,112.016678874
5404,94.0347660479
5407,79.5496488452
5408,95.7714738211
5413,110.821114234
5414,95.1935706791
5417,95.4666042162
5418,106.311312963
5420,112.370788711
5421,93.545624542
5424,95.2583132625
5425,112.028913654
5426,93.9234979029
5429,112.078505751
5431,95.7561070222
5437,104.589337874
5440,93.8215076741
5444,105.629700252
5446,105.66413094
5447,95.2018535422
5451,94.8548920647
5452,109.854674832
5455,105.357599543
5456,95.7588833295
5458,93.7343575962
5459,111.944079423
5460,95.7020812681
5462,95.4123644589
5463,112.106816863
5464,93.4950488731
5465,112.991556237
5466,96.5061846568
5467,104.993285196
5468,95.3416373349
5469,112.055516238
5472,95.1500431868
5474,93.86104067
5475,114.14539176
5476,95.6773579416
5479,105.226303136
5480,112.143735122
5482,112.088462184
5485,93.9599318944
5486,115.795398654
5488,79.6104591862
5495,105.200399952
5496,95.0623291096
5497,113.055408403
5499,112.556094434
5503,93.8430422699
5504,95.2370571481
5507,95.6661900694
5509,93.6050313139
5511,93.594597406
5512,112.041370607
5516,112.151330489
5517,95.7999538794
5518,105.110723441
5521,95.7876019677
5522,105.098845752
5527,96.5137606521
5528,95.3169175395
5529,112.894983502
5532,96.946377937
5533,112.250584787
5535,105.304621455
5536,101.017565461
5540,95.2608112981
5547,95.1012131872
5548,112.634281406
5550,79.6092430053
5551,94.9343598563
5554,112.214404423
5555,95.4793746125
5559,112.210797291
5560,93.935136487
5561,111.882047103
5562,93.1444249488
5563,112.39535037
5565,79.7142905932
5566,95.2516880685
5567,105.002082762
5568,95.6866309964
5572,95.4103789036
5574,95.7103008769
5576,94.9809379982
5579,112.347168865
5580,79.6975484741
5581,95.4040145942
5583,94.3163217159
5584,112.271124004
5586,111.943329201
5587,94.4750356033
5589,104.536082689
5591,104.716907972
5592,95.1684908206
5593,112.271164581
5594,95.4657542558
5595,79.610190535
5596,112.375534942
5597,112.197732837
5598,115.688657166
5599,95.2834441804
5602,112.237875373
5603,95.465747282
5605,94.8970541435
5607,93.8455109851
5608,112.260375611
5609,93.6345784148
5610,94.0594128876
5612,94.9435969611
5613,113.085085377
5614,93.9629517339
5616,95.3052051574
5621,95.8253389778
5623,95.3099596867
5628,113.649293253
5629,95.7521250879
5631,95.3194109257
5633,107.87598897
5638,105.141114643
5639,95.6967738957
5640,105.887193592
5645,94.8887965066
5646,79.811619909
5649,93.8366526932
5653,112.116260669
5655,112.701095521
5656,95.2820613623
5658,95.7908751315
5662,115.863025111
5663,93.5723895944
5667,95.4297974285
5670,95.283389165
5671,104.508692917
5672,95.7011054034
5673,104.662466109
5674,95.1816002886
5675,104.59063132
5676,96.6222231792
5679,112.357464606
5683,112.973564188
5687,95.4612246528
5688,79.637100418
5690,95.3355029625
5691,112.15350242
5692,93.6328504775
5693,111.295323152
5694,95.4434683449
5697,113.112760497
5698,93.8661425588
5699,112.341769444
5704,95.1140863325
5707,112.346220785
5709,105.012042719
5710,95.1936696799
5714,94.8250376957
5718,95.2190807067
5721,95.1497826963
5723,94.253900998
5724,114.204652686
5725,95.2746368432
5726,112.86871596
5729,95.6714125411
5730,105.119248976
5731,95.1252092625
5733,79.730065147
5736,95.3345488364
5741,104.992819248
5745,112.614610765
5747,95.7444374513
5748,105.169867004
5750,112.257390625
5751,95.0752267577
5752,95.7708603619
5754,94.9408888695
5755,94.0818927428
5757,94.0868690425
5758,116.160553961
5760,104.798209543
5762,104.54041123
5766,111.918635651
5768,95.6904510031
5769,116.430752162
5770,95.2169991586
5771,112.325525335
5772,93.646408944
5773,110.842788112
5774,95.3315833741
5776,93.8976484831
5777,112.341709004
5778,93.4406913263
5780,114.149644465
5782,94.9117906187
5783,79.7277733378
5784,95.6837522944
5786,95.8514572049
5788,95.4708998309
5789,112.54194728
5790,95.2766098704
5791,105.224024239
5793,105.89221072
5794,95.0771025217
5796,115.960560394
5797,95.2048219492
5801,95.3137758739
5803,95.4611347684
5804,112.244897434
5805,94.9389898716
5806,79.6648376868
5808,112.438299384
5813,95.1330705539
5815,95.7431000867
5816,106.601724786
5822,94.2820851597
5823,112.331203281
5825,105.022683257
5827,112.433409842
5829,104.463175724
5830,95.2272383096
5831,112.0142212
5832,93.9411458862
5833,112.438280012
5837,113.742726622
5838,95.4091244765
5839,95.8281318208
5842,105.782880724
5844,112.128601602
5845,105.254139914
5846,113.949537183
5848,79.6038461206
5850,112.337533777
5851,94.4601483681
5853,95.6903851396
5854,104.98832145
5858,105.782868326
5860,112.046814129
5864,104.753938825
5866,96.3161923403
5867,112.346096807
5868,93.5876252463
5869,112.204890414
5870,94.2776963459
5871,112.439576747
5874,112.467905385
5876,112.332058322
5877,93.591448631
5878,93.9522701414
5879,112.429948501
5880,93.4580137661
5884,95.190736425
5886,112.266680175
5890,100.668609594
5896,95.2905010973
5897,104.95247761
5898,95.6903502707
5901,105.402982598
5903,112.356873166
5906,94.0591835275
5908,112.335594958
5909,93.8934305816
5910,113.073633118
5911,95.1263083063
5912,112.365095545
5914,112.467874391
5919,112.355682998
5924,94.292810976
5926,95.158020816
5929,104.861358991
5930,94.982622558
5932,95.8007022835
5933,112.365908522
5934,93.4697189616
5935,112.21280097
5936,93.06971772
5937,112.337496014
5938,94.331193443
5939,110.187729503
5942,112.449528613
5943,95.1627110084
5944,106.089004076
5946,112.352721903
5951,93.6218182531
5953,104.494115276
5954,95.1355023853
5957,105.085212242
5961,95.2423902587
5962,105.924358411
5964,81.3196464749
5965,95.4574961405
5968,112.468144865
5969,93.9817792077
5974,94.0639006944
5975,112.689534075
5978,79.8502640212
5981,105.069961138
5982,95.842443653
5983,112.965023657
5989,110.508292229
5991,95.1563100754
5992,105.119659014
5995,95.7282319506
5996,104.951110184
5997,111.945753248
5998,93.9794034298
5999,81.236240698
6001,111.946782531
6002,93.9661613149
6003,112.161135834
6004,95.135463642
6006,112.352255958
6007,93.5969412096
6011,100.740048812
6012,104.737763091
6014,95.1265408122
6015,104.847462098
6016,95.6902328649
6017,112.190267564
6018,95.6905696039
6024,96.6222658433
6025,105.509202939
6026,114.219988223
6028,112.3271626
6029,79.6190743825
6030,93.9474206381
6036,112.449277164
6040,94.9391200953
6041,112.31748517
6042,94.0292597469
6044,95.2215567032
6045,105.190374928
6047,105.077685372
6048,95.1892086852
6049,112.412158182
6051,115.901318405
6052,112.418661433
6053,93.5915270867
6054,112.227269875
6058,105.304642894
6059,94.9884144344
6062,95.6883067396
6063,115.962894593
6064,105.150335364
6065,94.9391007237
6067,94.0058775716
6068,112.276922638
6070,104.460593543
6071,100.92394673
6072,112.246360112
6080,112.246353913
6081,95.2195813927
6084,105.528626835
6087,94.0708039532
6089,105.820181097
6092,112.235556588
6094,94.8999879986
6095,112.363236773
6097,114.564947859
6100,93.9594074839
6104,104.838165718
6105,94.906124965
6106,112.233505724
6107,79.4081305566
6108,93.2492022266
6109,112.224898435
6110,93.8237622626
6114,112.22489456
6116,95.323637767
6117,105.155997778
6118,95.7474906636
6123,79.6767068098
6125,112.35601176
6128,112.109936473
6130,104.897952179
6132,112.390269305
6137,79.8229822505
6139,112.422530299
6140,94.0354450155
6141,114.545845083
6142,105.66757781
6144,111.319186227
6145,95.8111041335
6146,93.8072592129
6149,93.8610464323
6156,96.4130965501
6159,114.243029532
6160,94.0354295182
6162,105.018165366
6164,112.192224223
6165,93.3379090988
6168,79.7133427779
6169,112.407632837
6170,95.874524426
6171,112.311558463
6172,93.0968708602
6173,115.889377153
6176,95.6713784935
6177,93.0621102787
6178,95.7059846611
6180,95.3269985852
6181,105.186462605
6182,95.746147214
6185,95.1620417042
6186,112.187550022
6188,112.337639534
6189,94.0349920307
6192,105.52854315
6193,95.1789207441
6194,105.190259473
6195,95.7058321682
6196,115.55175626
6197,94.9271058658
6201,112.163074658
6202,94.0592354254
6203,112.256994424
6204,94.9181065386
6207,115.84660025
6209,94.248130337
6210,93.1289352913
6211,112.371645573
6213,112.217449372
6216,93.0923792256
6217,93.9778251688
6219,94.9434389351
6222,79.5556016378
6223,95.341270483
6235,95.6668752359
6240,95.1983156933
6242,95.7229983611
6247,95.181468608
6251,112.12103707
6254,112.25838383
6255,95.7430279524
6260,104.907759995
6261,95.1072807389
6262,105.688986673
6264,112.156823883
6269,104.780551791
6271,105.424457033
6275,112.70464889
6276,93.9554026118
6278,95.2508517134
6279,112.57486394
6281,112.632751432
6284,93.7551192132
6286,95.7032163172
6287,79.7358920394
6288,95.3193801698
6292,93.9196722835
6293,94.925472311
6295,95.6927396914
6298,112.285569357
6300,111.897308188
6304,105.156310862
6308,112.254705455
6310,95.4932365703
6312,112.149457367
6320,95.1250651841
6324,93.6080076216
6325,112.009264768
6330,96.4485734294
6336,111.898061483
6340,105.114095473
6341,95.6667931002
6342,105.579220577
6344,94.9563333436
6345,112.267261077
6347,112.516769573
6348,94.2510741769
6349,112.240017657
6351,79.6078549095
6353,112.114189462
6354,94.9276377669
6357,96.2580400145
6358,105.474969539
6360,104.734642666
6363,113.640301868
6364,93.5734559414
6368,114.130905605
6370,93.957491823
6371,95.1081979605
6377,95.2353584326
6379,95.2108244482
6381,94.0307062555
6382,79.6261030399
6383,112.496623928
6388,112.351588534
6390,112.105043264
6392,104.520871245
6393,95.0164219514
6395,95.8752670054
6398,104.591565601
6401,79.6811153862
6402,94.1838968974
6403,112.982175387
6405,93.7580772015
6406,93.6012978472
6407,112.226618895
6409,105.032388003
6411,93.9424654924
6413,95.2908314084
6416,105.46694742
6417,94.99001329
6418,93.9623453798
6419,115.883536807
6420,112.843185655
6426,112.452475934
6429,93.9933380685
6430,95.2017906371
6431,112.970967294
6432,94.2485821762
6434,95.2948767091
6437,112.510571123
6438,95.792123189
6439,105.030672145
6440,95.2201000131
6441,94.2895841748
6442,112.085879776
6443,96.7464589644
6445,95.7448335468
6448,112.22006679
6450,111.816674786
6453,96.0879680866
6455,95.3419740341
6457,94.0596935281
6458,112.208219123
6461,95.4326671232
6464,112.19883653
6467,95.2061269921
6469,96.5308075919
6470,79.5450757989
6471,94.0358131693
6473,105.070348442
6474,95.1873763698
6479,95.4374426788
6481,94.0839092177
6484,112.250460463
6495,94.9576551267
6496,112.606827588
6505,112.840484154
6506,96.0038278392
6508,95.6717458725
6509,95.2334415406
6510,105.196192597
6512,105.058268842
6513,95.1143964179
6514,112.119656291
6515,94.006135613
6519,95.4826475345
6521,95.1694759376
6523,79.5731768512
6525,105.772493048
6526,95.2190748066
6528,95.6807612731
6529,112.665412066
6531,104.962961852
6533,105.445991612
6534,95.1903990785
6535,112.183118059
6536,93.6329930404
6537,112.008421753
6540,93.9943697186
6541,112.442255624
6547,95.260496236
6548,112.213871243
6551,111.908655123
6553,112.794597771
6555,105.528886508
6556,95.6672511384
6561,79.5989231141
6564,93.6268895454
6565,112.172208046
6568,95.7380312214
6569,112.065438968
6573,104.86801497
6574,95.4303507931
6577,112.005195873
6579,113.669471783
6581,93.986387165
6582,112.912146874
6585,106.76934966
6586,95.7861763962
6589,104.797996157
6590,79.5585051095
6593,94.0745212083
6594,112.113825243
6595,93.9915173125
6599,93.4097826877
6600,94.279351577
6601,114.319776985
6602,93.5738961577
6603,112.165700811
6604,95.8748127687
6607,104.916131157
6608,106.672830057
6609,95.4220058456
6611,95.0074854137
6613,112.065404873
6614,93.9742736025
6616,94.0899825814
6617,112.065401774
6618,95.135612509
6619,104.620908512
6621,105.528835367
6627,105.623067707
6629,111.978264912
6631,79.6341082663
6634,95.8734481024
6636,95.11875865
6638,95.7379769808
6639,112.065384727
6641,112.181137561
6642,95.7810173759
6651,115.199041792
6654,79.613038013
6657,95.7367029672
6663,93.1024587611
6665,113.039270151
6666,94.0477845398
6668,95.1333449955
6669,105.500356243
6670,95.7510536505
6671,95.5329949128
6673,95.2377519519
6675,93.9869641829
6676,79.6054089704
6677,95.3253994414
6679,94.3138761042
6680,112.149514724
6681,105.157615012
6685,105.131721126
6688,95.1505733357
6689,93.986654972
6690,111.728820808
6692,112.065343659
6693,94.3059245397
6694,95.3072194624
6698,115.786066043
6699,94.9818289974
6700,111.964709441
6701,94.0595044611
6702,111.940621443
6704,93.986643349
6707,112.846929584
6712,112.194005216
6713,94.9028982392
6715,95.0189719389
6721,112.212067586
6722,94.9436738121
6723,112.025855109
6724,94.5329827321
6725,115.782601767
6731,112.076722524
6735,82.9054312303
6736,95.0122693559
6737,106.79035495
6738,96.3162349078
6739,105.040812725
6741,104.72683504
6743,93.9025014619
6745,95.1332853309
6747,112.088523389
6749,95.4162359665
6750,104.942829955
6751,115.966878619
6752,95.2083062166
6753,112.055747513
6755,118.065352078
6756,94.8655333712
6757,104.998725661
6759,112.099447694
6761,93.9981826653
6763,94.0355869087
6764,116.196503791
6765,94.9508052352
6766,112.232835228
6768,112.171129474
6771,93.9865914331
6773,95.2684724833
6774,95.7438838196
6778,105.944421972
6779,96.3924804388
6781,93.1658773532
6784,95.4645547954
6786,93.9372429922
6787,112.515819813
6790,93.8151671541
6793,105.285192315
6795,112.055402652
6798,112.150799085
6806,105.683725971
6807,95.7288034931
6810,95.2512965224
6815,112.674772084
6816,93.9466683225
6817,104.922862456
6818,95.2697516324
6819,105.009984597
6820,95.7434353965
6822,93.2260236729
6823,115.710605725
6824,112.247709954
6825,93.8883503528
6828,79.6103323368
6829,112.402330068
6831,111.824884302
6832,95.2281502597
6833,111.996774375
6834,94.0352195762
6836,94.8383794267
6837,112.193596041
6838,93.9240229828
6840,104.636342716
6843,93.6685534961
6845,93.6115329119
6846,94.9723925247
6847,112.002984586
6851,112.032851281
6852,94.2046348505
6853,112.660155898
6858,95.3224629883
6861,112.058518582
6863,114.309806019
6864,79.5430568161
6865,95.844854951
6866,112.188600573
6867,96.4440535156
6868,105.148711618
6869,95.276999166
6870,112.24767431
6874,112.710617931
6875,93.9732958507
6877,112.179003174
6878,93.8726046654
6880,95.1265599189
6883,111.986038258
6884,94.3812328924
6886,95.8384400733
6890,95.7807594352
6893,111.814436815
6894,93.8682907598
6899,112.178986127
6900,93.9578492146
6904,93.8591058282
6905,112.23670208
6906,93.5117208331
6910,93.4937246949
6912,105.084235941
6913,114.244415312
6920,94.8644110224
6922,94.0024981532
6923,112.055303469
6926,95.7822858831
6927,111.749402315
6928,93.02070461
6931,111.907874255
6933,95.3268203234
6936,93.3137820081
6937,112.179530331
6939,113.585577605
6941,93.9109508027
6942,110.463741755
6943,95.3313833529
6944,104.59045274
6945,95.7262493691
6946,112.224021897
6947,115.767637587
6949,105.206755562
6951,105.115335334
6953,111.043420835
6954,94.0834815171
6955,112.380328921
6963,111.640608589
6964,93.7898984558
6966,94.0982116091
6968,94.9528475597
6970,105.119996255
6972,110.711267071
6976,112.040423591
6978,112.188513788
6981,104.918059971
6985,105.261582227
6986,95.34079068
6987,112.235393168
6989,112.3253841
6991,115.710475548
6993,110.898021663
6994,95.3208637621
6995,112.201808995
6996,94.364442488
6997,112.267684166
6998,79.6896670853
7001,111.6854324
7003,110.57581507
7006,95.7173869829
7008,101.096273454
7010,93.6158625997
7011,95.1637419703
7012,113.029560976
7013,93.8819323243
7014,112.062248203
7017,105.983369836
7018,95.1305327054
7019,93.6187296049
7023,95.7361115623
7024,105.09252587
7025,95.1868496262
7026,112.092752144
7027,94.0130768273
7028,111.466916321
7030,112.055220558
7031,93.8615202919
7033,112.590634267
7036,95.0490161735
7037,95.8440014017
7039,95.2562875525
7044,93.9903390123
7045,112.201699296
7046,97.3979143794
7049,106.094390134
7050,96.7826209401
7051,105.119933491
7054,111.951086796
7055,94.1826735471
7057,95.2179549562
7060,112.178861374
7061,95.6900737368
7063,93.1452875916
7064,112.113140181
7067,95.1264150191
7071,94.9911261506
7074,104.912826627
7075,95.3186316335
7078,112.201673726
7079,93.9860404576
7080,113.153969456
7081,95.5004741121
7082,112.174421861
7083,93.371464647
7085,114.243329316
7092,105.011144119
7094,95.2847440707
7100,93.9977671764
7101,112.154194577
7102,112.188417705
7104,112.249308215
7105,95.6900396427
7106,95.1139841569
7107,104.814447592
7108,79.5958963988
7109,93.9637850247
7110,112.179396279
7112,95.7218074868
7113,105.12799814
7114,95.2461864509
7116,112.198876936
7117,95.6687328923
7118,105.250833844
7120,95.4530074518
7121,104.766155148
7123,104.563107673
7124,96.3880352619
7127,110.554877509
7131,104.558929341
7132,95.2695083248
7133,93.6358262239
7134,111.890863574
7135,93.985168114
7136,112.158043582
7137,95.1919056451
7141,94.0062657824
7144,104.964091264
7147,112.194870646
7148,95.2376764274
7150,93.8701204769
7151,95.452983431
7152,104.56724561
7154,95.3747935721
7156,95.735999316
7157,105.027321463
7159,115.771930857
7161,96.5305783279
7163,95.1552281124
7164,105.013191104
7167,79.5532791915
7169,105.159840017
7170,95.5225179143
7173,95.1601649468
7174,105.58160899
7177,112.051297619
7178,105.435429673
7179,95.1528981418
7180,81.1525712627
7181,112.239137459
7182,94.3288184068
7184,95.1135641664
7185,112.314853172
7186,93.9321539914
7187,115.199737603
7188,94.0813022113
7189,112.266377612
7191,104.969344446
7193,111.694817967
7197,94.3397517814
7199,95.227498421
7200,112.174330427
7201,93.9851169729
7204,93.9748174249
7207,112.014792604
7209,114.309537916
7210,95.2814958292
7211,105.108019854
7213,94.1376319755
7214,112.26751602
7216,112.23837099
7217,94.2712229684
7220,112.164770858
7224,112.055070235
7225,94.0318061149
7226,112.238363242
7227,95.2956438817
7234,112.314815204
7236,83.0437036471
7239,104.741579438
7240,95.4103935357
7242,114.105480958
7244,112.060796984
7245,93.8899373175
7247,111.796651468
7248,93.4660946167
7249,115.805026543
7250,112.099394582
7251,94.5314640867
7252,112.167463694
7253,79.5525934887
7256,95.4287587668
7260,94.036138752
7261,112.180809477
7264,95.7478552486
7269,114.058136205
7270,93.9772334325
7273,112.159991108
7279,93.3478836596
7281,112.346463182
7284,93.8645181884
7285,112.302202736
7286,115.770852947
7287,93.979867018
7289,95.1147320738
7292,95.3759465912
7293,112.164911898
7296,95.2989195236
7297,112.201927737
7298,93.8255871912
7299,112.071809304
7301,104.463893354
7304,112.116854517
7306,116.306575394
7308,95.1147173514
7309,104.507357441
7312,95.3348870886
7313,79.5525469968
7314,94.063492391
7316,93.0827899639
7319,117.838079063
7321,95.3998066059
7323,95.3742782819
7324,104.42401644
7325,95.2863880419
7328,105.260318269
7330,79.6904517289
7334,95.2719047102
7337,112.315984661
7338,95.1495196449
7339,94.1973853804
7341,93.354730491
7342,112.286837307
7344,111.965426024
7345,113.156508094
7347,111.695947906
7349,112.346410491
7350,95.2935482982
7353,112.238616005
7355,112.065968508
7356,94.0828948558
7357,112.158838285
7358,95.4691126635
7360,94.9343685041
7363,105.854001521
7364,96.6227891095
7366,95.1833567979
7368,95.6802183866
7369,111.763353819
7370,93.9415884223
7373,94.3083119852
7374,111.794741754
7375,95.2215826677
7377,95.4223725779
7379,93.4306545892
7380,116.28824665
7382,112.605858202
7383,94.2946616037
7385,95.1960325908
7386,105.038898118
7391,96.0705309837
7394,111.304748457
7396,112.099281452
7397,95.2951184187
7399,95.4175660276
7400,105.040434214
7403,79.6810839416
7405,112.027433483
7408,112.692870188
7414,114.226593428
7416,105.561142468
7417,95.7321804538
7419,94.9265667765
7420,109.439741294
7421,95.4620382333
7422,96.6294304782
7423,105.960283344
7425,79.6736216843
7430,95.2573322806
7432,95.7450057062
7433,95.3159674065
7434,111.720038204
7436,111.990911137
7437,95.1565127597
7438,104.673086734
7440,104.933048602
7441,95.1834878973
7442,112.178926149
7445,112.096851622
7446,105.090899365
7448,112.343900972
7450,105.232215016
7451,95.1079202348
7454,112.269520571
7455,94.9896207656
7457,111.920995372
7459,105.09016757
7462,93.9874026762
7464,95.1079101616
7465,113.03512967
7466,93.9655259945
7467,112.1489214
7469,112.353702469
7472,95.3217426449
7473,112.056126561
7479,95.2717923548
7480,105.183199147
7484,112.835986029
7491,95.1567093632
7494,105.650161576
7495,95.2348623056
7501,93.9018956744
7503,95.2563900942
7504,105.128944436
7505,95.8750515665
7508,112.12886612
7509,93.6199038885
7510,79.5816512987
7511,114.021475496
7515,95.2476133682
7516,105.36802673
7517,95.8948144517
7518,105.394353463
7519,95.1700602887
7521,95.7578395969
7522,104.928517648
7524,105.145666284
7526,105.019885979
7527,95.7904718601
7528,104.501623847
7529,95.706677577
7534,112.029087343
7537,112.026607425
7538,94.3140889432
7540,95.2844746903
7541,112.153317227
7545,112.354554485
7551,114.271200034
7553,95.1693057277
7554,104.538720694
7555,95.8622831412
7561,112.133358351
7562,94.164461277
7564,95.1898257879
7565,105.240603514
7566,95.4412699327
7567,111.272230697
7569,104.449452189
7570,96.098048343
7571,115.178211585
7572,93.5914774684
7574,104.892919271
7578,112.072259936
7579,94.2849323149
7586,95.2511736488
7587,84.8883134008
7590,95.1884561231
7593,112.056033578
7594,95.273971468
7595,95.4412474616
7600,94.9400237878
7601,80.9534799075
7602,94.0708560511
7603,112.310224207
7604,94.9603979534
7606,93.9256570415
7608,114.255685103
7613,79.5734888393
7615,112.065688977
7616,111.992640881
7617,117.874481201
7618,95.7904013473
7619,105.120742636
7622,95.2536959483
7623,104.442527767
7624,95.7140912793
7625,105.310393287
7626,95.1759354734
7627,104.565575317
7628,79.644359185
7631,104.92671889
7632,105.102954467
7633,95.8380362226
7634,114.846521086
7635,94.0296180315
7636,112.268438295
7637,112.26843752
7639,94.9518434056
7640,79.6804597971
7644,112.186894962
7645,94.0641674802
7648,105.032736851
7649,95.8654645588
7650,112.248319184
7652,113.03498477
7653,93.5130093635
7655,93.8822701722
7659,112.094200464
7662,95.3969740047
7664,93.9071823029
7666,96.3735696458
7668,95.0153169892
7669,110.834870717
7670,95.9954735197
7672,95.6983065
7673,111.814904227
7678,95.2253363663
7679,80.3726512618
7680,105.35231618
7683,93.6498243693
7685,115.770543776
7688,95.1312628141
7690,111.972120404
7692,95.1956812296
7693,95.7851661673
7695,112.315707259
7696,95.242631388
7698,94.0075688848
7699,112.495764423
7702,93.3878875899
7703,112.239242899
7704,95.1622166779
7707,114.021323623
7713,79.7692466844
7715,104.721984245
7717,112.037551199
7718,95.2530671983
7719,105.309611751
7721,111.1566505
7722,96.4449111791
7725,104.604485939
7727,104.940719726
7730,79.7247267634
7733,93.962295473
7735,104.450040323
7740,112.239526546
7741,112.06736698
7742,93.8501265778
7744,112.542917556
7747,95.2667309875
7750,79.6628335139
7752,112.085956573
7754,112.08005227
7756,106.443154222
7757,95.4022380704
7758,105.34126107
7760,105.352566507
7761,95.4478103767
7763,112.93930898
7765,95.2842654313
7767,112.268649105
7768,95.2095333915
7771,95.8693689212
7773,93.8633176608
7774,112.937598728
7776,105.181485216
7779,95.1967665583
7783,93.4051941909
7786,105.517134615
7787,94.996129852
7789,95.1988031851
7791,95.7001005686
7793,95.2077101942
7794,111.790656821
7795,94.1528364229
7799,79.6564917682
7800,112.531924756
7802,95.8773505154
7805,112.741819052
7807,104.452456292
7808,95.765854358
7811,105.191274467
7817,111.9814489
7818,105.103122659
7819,95.1270160833
7822,94.9519582314
7823,112.166522677
7825,112.223059402
7828,93.9136990991
7832,94.0360078463
7833,79.6665701772
7834,112.141869361
7835,95.2263391556
7837,95.48784486
7840,94.8565319224
7842,94.0143076438
7843,112.158288322
7844,95.1873002512
7846,95.4477445132
7850,94.9455011309
7853,112.171992058
7855,114.30245839
7858,95.2242407072
7863,112.095011813
7865,112.213304092
7866,93.1579847124
7868,93.6599944433
7869,112.063880859
7871,79.6257990971
7872,104.699231632
7874,104.55068557
7877,111.923000498
7878,94.0642992538
7879,112.164508332
7881,94.2073338002
7883,95.2036989126
7885,106.063694704
7886,95.1693600147
7889,96.3823177646
7890,105.529502384
7891,95.905892288
7893,95.7038450115
7894,104.840059127
7896,112.237092334
7898,104.647274302
7901,95.3108265622
7902,111.684481623
7904,112.271216214
7905,95.2665554305
7906,114.713772058
7909,95.1336326563
7910,104.433915563
7913,94.0280810897
7918,112.212742819
7919,93.9861222052
7923,93.4912082292
7925,95.4667519806
7927,93.8826744565
7930,95.2291071011
7932,95.7578440835
7933,93.490752407
7935,95.6807529923
7939,105.336316797
7942,93.8782979532
7943,111.277786109
7945,105.415340896
7946,95.6800828317
7948,95.2420348317
7949,112.044721493
7950,93.8458414233
7951,112.25715798
7955,104.825866377
7959,96.6226403819
7960,112.228007526
7961,95.2093640279
7962,104.918812718
7964,105.02830452
7965,95.4632133533
7966,112.18850399
7967,105.428902734
7968,95.8105102914
7971,105.040018996
7974,93.9860795876
7976,109.086089351
7978,111.879250308
7982,112.227990479
7983,95.1358040866
7984,104.994268718
7986,93.9599175928
7989,112.044690498
7991,111.684412661
7992,112.111954657
7993,93.6837754339
7994,112.186203988
7995,94.0358815433
7997,95.1856459289
7998,104.994257869
7999,111.981307875
8002,93.9839285138
8007,94.3632323721
8009,95.3156923174
8011,94.3324994596
8013,96.3691693505
8015,105.006980965
8017,112.200293427
8019,115.759248738
8023,95.2012144948
8024,112.275272616
8026,111.853820644
8027,93.8812067023
8029,95.1561186647
8030,112.105085955
8031,94.3436100966
8033,95.2190700546
8035,95.4237407238
8036,106.884648809
8039,105.250365648
8042,93.5829447015
8044,93.531015343
8046,79.5970480226
8048,112.210904049
8049,95.2664438499
8050,104.96910812
8053,94.9951687668
8054,94.0071058528
8059,94.913171092
8061,94.2254909636
8062,112.191913225
8064,112.149926123
8066,105.042841689
8067,95.3126788362
8068,95.8094678643
8070,95.3509824545
8071,112.15769464
8072,93.9876128719
8076,94.4927713798
8080,93.4532409189
8081,112.256655299
8084,101.010527274
8087,112.688262743
8089,93.4068412849
8090,116.218882822
8091,105.14280713
8094,112.216487308
8100,93.327311068
8101,95.4552439662
8110,95.7631167088
8111,111.684319677
8112,95.9078107516
8115,110.459723326
8116,95.3206737174
8118,112.14988428
8121,115.7972308
8125,111.812448346
8127,111.918789259
8128,94.0046673154
8129,111.658521154
8131,95.229673325
8138,95.7769381129
8139,104.411278373
8140,94.9086507874
8141,93.8630325105
8142,112.055494572
8143,112.065739574
8145,111.853728435
8146,93.4919742808
8148,114.299023353
8153,112.126354917
8154,93.3139931428
8155,116.165802844
8161,95.7128397021
8162,112.204760961
8163,93.6197094439
8166,111.933340518
8168,112.100286776
8170,93.9909851957
8172,111.681773873
8173,93.9834268529
8176,104.956482787
8179,94.9601974827
8181,95.4195384895
8182,115.717540898
8184,111.876346853
8190,105.379126842
8191,95.7341039642
8194,112.849782366
8196,110.958535491
8198,112.110937281
8199,112.146682813
8201,112.047268075
8202,94.9239059141
8207,95.4542809581
8208,111.685240007
8211,112.053884308
8214,110.691496222
8217,94.9583792371
8218,112.137496159
8222,95.2810033025
8229,106.087572574
8231,94.3180051231
8233,96.3418552806
8236,95.1921251077
8238,112.434284768
8240,104.522967802
8243,106.034271306
8246,112.189588819
8250,93.8138693236
8254,96.435754073
8256,79.740331298
8257,111.96619434
8258,93.9868876363
8260,95.1223870305
8261,112.172684571
8263,113.751475327
8264,95.7662392934
8267,111.867144859
8268,93.9706743146
8271,93.9620463397
8272,111.685190415
8275,95.8426626771
8276,95.4861883573
8277,105.414004764
8278,115.616420186
8279,94.4275633891
8280,111.762590017
8281,95.1412403834
8282,111.962151109
8287,112.188264644
8288,93.9770914021
8289,112.477950229
8294,93.9601021867
8296,93.8586250691
8299,112.23127381
8302,105.063989125
8308,111.996677769
8314,104.943022777
8315,95.5156638542
8316,110.075304339
8317,94.3216972311
8319,112.050947117
8320,93.6020692031
8321,115.621346259
8323,95.2406358332
8325,95.7055809445
8326,112.060807966
8328,111.680689482
8330,112.40768299
8331,94.0048326482
8332,113.25006699
8334,95.7780346629
8338,93.6308878972
8339,95.2276903219
8341,93.8757443802
8345,112.178053938
8346,95.4131642954
8347,104.924976956
8349,95.7075521853
8351,95.7039475999
8352,112.07316475
8353,111.680670111
8355,111.934578656
8358,111.986397869
8359,112.398776497
8360,94.27609187
8361,112.203274808
8363,105.342330893
8364,95.1403390936
8365,95.8134327831
8366,105.120902176
8370,112.04737389
8372,95.6902714327
8376,95.371716099
8377,113.018474333
8379,112.079430936
8380,93.4479821223
8381,112.194171903
8386,93.069738403
8388,104.497780594
8389,95.1929050358
8391,112.131011614
8394,96.4356455919
8396,105.282023948
8398,104.862604659
8400,112.149698821
8401,94.002922099
8404,93.8756955637
8407,96.6202346753
8408,112.416082754
8409,111.715819563
8410,105.371409663
8411,95.9936322718
8413,93.9799829979
8414,111.903216183
8416,94.9303707128
