Id,SalePrice
0.001186539361513989,113923.09375
0.002373078723027978,134921.796875
0.0035596180845419672,182314.65625
0.004746157446055956,182301.09375
0.005932696807569945,177963.65625
0.0071192361690839345,163999.484375
0.008305775530597923,157422.34375
0.009492314892111912,165370.109375
0.0106788542536259,178176.78125
0.01186539361513989,118390.3828125
0.01305193297665388,152811.484375
0.014238472338167869,99902.40625
0.01542501169968186,106116.96875
0.016611551061195846,138096.90625
0.01779809042270984,123630.59375
0.018984629784223824,335447.15625
0.020171169145737813,214047.15625
0.021357708507251803,287269.09375
0.022544247868765792,304214.65625
0.02373078723027978,444198.15625
0.02491732659179377,326876.5625
0.02610386595330776,211016.625
0.02729040531482175,164937.75
0.028476944676335738,159143.171875
0.029663484037849724,189453.125
0.03085002339936372,183392.171875
0.032036562760877706,288751.75
0.033223102122391684,155218.375
0.034409641483905684,195247.015625
0.03559618084541967,260954.46875
0.03678272020693366,184713.359375
0.03796925956844765,88171.4375
0.039155798929961634,175382.9375
0.040342338291475634,267505.625
0.04152887765298962,256227.03125
0.042715417014503605,229312.1875
0.0439019563760176,168555.859375
0.045088495737531584,187030.6875
0.046275035099045576,172276.515625
0.04746157446055956,164835.859375
0.04864811382207356,174244.265625
0.04983465318358754,148078.171875
0.05102119254510153,301668.5
0.05220773190661552,242056.53125
0.05339427126812951,235865.0625
0.0545808106296435,165531.515625
0.05576734999115749,239852.140625
0.056953889352671476,184402.53125
0.058140428714185476,161055.65625
0.05932696807569945,138070.828125
0.06051350743721344,162713.59375
0.061700046798727426,158565.96875
0.06288658616024143,129812.1484375
0.06407312552175541,126767.7890625
0.0652596648832694,213267.96875
0.06644620424478337,141254.28125
0.06763274360629737,178418.734375
0.06881928296781137,129910.9765625
0.07000582232932535,205539.90625
0.07119236169083934,133545.765625
0.07237890105235334,136173.109375
0.07356544041386733,157135.546875
0.07475197977538131,117124.515625
0.0759385191368953,132373.25
0.0771250584984093,122524.9140625
0.07831159785992327,119712.625
0.07949813722143728,133065.84375
0.08068467658295125,132914.40625
0.08187121594446525,143816.6875
0.08305775530597924,171229.84375
0.08424429466749322,110554.46875
0.08543083402900721,71822.484375
0.08661737339052121,121599.46875
0.0878039127520352,135614.796875
0.08899045211354918,139756.46875
0.09017699147506317,109907.421875
0.09136353083657717,58612.80078125
0.09255007019809117,144603.5
0.09373660955960514,209407.828125
0.09492314892111912,84404.8046875
0.09610968828263312,118720.3046875
0.09729622764414712,132193.84375
0.0984827670056611,181894.390625
0.09966930636717508,86272.4609375
0.10085584572868908,112390.9296875
0.10204238509020308,124024.078125
0.10322892445171704,118876.203125
0.10441546381323104,118559.1875
0.10560200317474502,110713.4765625
0.10678854253625902,118289.828125
0.107975081897773,97235.6875
0.10916162125928698,116001.2109375
0.11034816062080098,100825.3828125
0.11153469998231498,109804.546875
0.11272123934382895,178376.546875
0.11390777870534295,67541.09375
0.11509431806685695,83308.390625
0.11628085742837095,96909.5390625
0.11746739678988492,46661.7265625
0.11865393615139892,105324.1875
0.1198404755129129,78549.40625
0.12102701487442688,131482.84375
0.12221355423594088,124574.109375
0.12340009359745488,171292.234375
0.12458663295896885,122150.6328125
0.12577317232048285,222695.3125
0.12695971168199682,85026.734375
0.12814625104351082,267426.8125
0.12933279040502482,145692.90625
0.1305193297665388,180602.65625
0.1317058691280528,137524.53125
0.13289240848956674,150942.046875
0.13407894785108074,243090.828125
0.13526548721259474,113420.3046875
0.13645202657410874,231425.671875
0.13763856593562274,189767.578125
0.13882510529713676,174437.640625
0.1400116446586507,146552.15625
0.1411981840201647,130139.0234375
0.14238472338167868,192627.0
0.14357126274319268,166842.703125
0.14475780210470668,119607.296875
0.14594434146622065,263854.8125
0.14713088082773465,210913.625
0.14831742018924865,128921.265625
0.14950395955076262,36045.91796875
0.15069049891227662,144639.921875
0.1518770382737906,192730.828125
0.1530635776353046,96716.6640625
0.1542501169968186,135797.546875
0.15543665635833254,76002.953125
0.15662319571984654,136977.921875
0.15780973508136056,117645.4140625
0.15899627444287456,80246.390625
0.16018281380438856,92474.4140625
0.1613693531659025,166383.8125
0.1625558925274165,204899.140625
0.1637424318889305,220026.109375
0.16492897125044448,153145.4375
0.16611551061195848,133656.734375
0.16730204997347245,75613.8515625
0.16848858933498645,111982.8671875
0.16967512869650045,66819.4296875
0.17086166805801442,257835.046875
0.17204820741952842,213452.328125
0.17323474678104242,141306.015625
0.1744212861425564,190911.71875
0.1756078255040704,198151.765625
0.17679436486558436,184540.109375
0.17798090422709836,174647.375
0.17916744358861236,131856.65625
0.18035398295012636,183607.953125
0.18154052231164036,167523.34375
0.1827270616731543,146371.96875
0.1839136010346683,65578.515625
0.1851001403961823,55541.29296875
0.18628667975769628,93824.6015625
0.18747321911921028,150900.875
0.18865975848072428,156484.71875
0.18984629784223825,153495.046875
0.19103283720375225,136702.703125
0.19221937656526625,151479.9375
0.19340591592678025,251643.796875
0.19459245528829425,217632.015625
0.1957789946498082,104985.2265625
0.1969655340113222,162074.125
0.1981520733728362,183174.734375
0.19933861273435016,244843.5
0.20052515209586416,185828.265625
0.20171169145737813,378274.5
0.20289823081889213,215192.125
0.20408477018040613,228316.703125
0.2052713095419201,173164.34375
0.2064578489034341,190410.78125
0.2076443882649481,173942.09375
0.20883092762646208,144019.140625
0.21001746698797608,157867.359375
0.21120400634949005,190797.59375
0.21239054571100405,178753.921875
0.21357708507251805,264460.4375
0.214763624434032,197098.59375
0.215950163795546,298196.3125
0.21713670315706,219249.0
0.21832324251857396,249692.625
0.219509781880088,177833.015625
0.220696321241602,157965.84375
0.221882860603116,145092.09375
0.22306939996463,119538.875
0.22425593932614396,146880.140625
0.22544247868765796,120818.046875
0.2266290180491719,114259.3046875
0.2278155574106859,102071.1171875
0.2290020967721999,100565.140625
0.2301886361337139,147902.171875
0.2313751754952279,131981.71875
0.2325617148567419,144437.140625
0.23374825421825585,144333.734375
0.23493479357976985,152497.46875
0.23612133294128385,120208.2265625
0.23730787230279785,159166.84375
0.23849441166431185,351801.90625
0.2396809510258258,394262.65625
0.2408674903873398,364985.375
0.24205402974885376,387309.3125
0.24324056911036776,281861.125
0.24442710847188176,300965.34375
0.2456136478333957,348538.5625
0.2468001871949097,321234.5
0.2479867265564237,302425.8125
0.2491732659179377,329319.0625
0.2503598052794517,276949.8125
0.2515463446409657,401880.875
0.2527328840024797,258785.6875
0.25391942336399365,216562.234375
0.2551059627255077,203419.40625
0.25629250208702165,203237.125
0.2574790414485356,214807.0625
0.25866558081004964,510123.59375
0.2598521201715636,404405.28125
0.2610386595330776,307695.5625
0.2622251988945916,246308.65625
0.2634117382561056,319875.9375
0.2645982776176196,189322.90625
0.26578481697913353,168329.6875
0.2669713563406476,179541.1875
0.26815789570216153,173709.515625
0.2693444350636755,173095.171875
0.27053097442518953,176610.890625
0.2717175137867035,186656.3125
0.2729040531482175,198120.96875
0.2740905925097315,186363.71875
0.2752771318712455,150729.859375
0.27646367123275944,157284.28125
0.2776502105942735,185763.234375
0.27883674995578744,168942.421875
0.2800232893173014,216196.359375
0.2812098286788154,162571.046875
0.2823963680403294,273307.96875
0.2835829074018434,283604.59375
0.28476944676335736,266468.5625
0.2859559861248714,263372.625
0.28714252548638536,191258.515625
0.2883290648478993,215689.34375
0.28951560420941336,260145.90625
0.2907021435709273,256673.125
0.2918886829324413,184702.4375
0.2930752222939553,145780.46875
0.2942617616554693,192676.234375
0.2954483010169833,214184.78125
0.2966348403784973,227897.71875
0.2978213797400113,249429.875
0.29900791910152524,260102.484375
0.3001944584630392,264702.6875
0.30138099782455324,219279.109375
0.3025675371860672,202128.015625
0.3037540765475812,175308.515625
0.3049406159090952,175141.078125
0.3061271552706092,91777.2578125
0.3073136946321232,199039.09375
0.3085002339936372,171014.09375
0.3096867733551512,138283.65625
0.31087331271666513,80338.203125
0.3120598520781792,142951.25
0.31324639143969313,166718.953125
0.3144329308012071,233874.25
0.3156194701627211,182867.015625
0.3168060095242351,129326.28125
0.3179925488857491,169511.796875
0.31917908824726304,152495.0
0.3203656276087771,126488.1015625
0.32155216697029104,104137.2265625
0.322738706331805,122679.71875
0.32392524569331904,104712.8515625
0.325111785054833,117656.96875
0.326298324416347,122883.6953125
0.327484863777861,106661.1015625
0.328671403139375,243402.84375
0.32985794250088896,240712.140625
0.3310444818624029,206794.3125
0.33223102122391696,206860.0
0.3334175605854309,191412.515625
0.3346040999469449,163405.59375
0.3357906393084589,159503.125
0.3369771786699729,446772.75
0.3381637180314869,194635.734375
0.3393502573930009,224162.140625
0.3405367967545149,193418.546875
0.34172333611602884,205906.78125
0.3429098754775429,141042.671875
0.34409641483905684,129435.9765625
0.3452829542005708,234193.859375
0.34646949356208484,124298.5546875
0.3476560329235988,129545.7578125
0.3488425722851128,185403.421875
0.3500291116466268,173413.390625
0.3512156510081408,137975.796875
0.3524021903696548,128240.578125
0.3535887297311687,138541.578125
0.35477526909268275,157029.03125
0.3559618084541967,144298.359375
0.3571483478157107,118193.3046875
0.3583348871772247,175069.9375
0.3595214265387387,170781.03125
0.3607079659002527,121112.8046875
0.3618945052617667,118362.6171875
0.3630810446232807,174671.03125
0.36426758398479453,176010.609375
0.3654541233463086,138398.296875
0.36664066270782253,138351.3125
0.3678272020693366,148719.984375
0.3690137414308506,128836.3359375
0.3702002807923646,123603.953125
0.3713868201538786,117106.203125
0.37257335951539255,138026.859375
0.3737598988769066,137957.109375
0.37494643823842055,124643.390625
0.3761329775999345,113513.0390625
0.37731951696144855,145150.921875
0.3785060563229625,123479.53125
0.3796925956844765,164858.8125
0.3808791350459905,127730.25
0.3820656744075045,100367.4765625
0.3832522137690185,115403.59375
0.3844387531305325,132788.71875
0.3856252924920465,166376.03125
0.3868118318535605,195429.765625
0.3879983712150744,189419.15625
0.3891849105765885,73196.6171875
0.3903714499381024,124793.2578125
0.3915579892996164,107719.7421875
0.3927445286611304,174805.671875
0.3939310680226444,148896.390625
0.3951176073841584,119860.6796875
0.3963041467456724,148831.78125
0.3974906861071864,131400.984375
0.3986772254687003,175031.203125
0.3998637648302143,108530.03125
0.4010503041917283,136525.375
0.4022368435532423,113458.6015625
0.40342338291475627,174342.84375
0.4046099222762703,130129.8359375
0.40579646163778427,149880.5625
0.40698300099929824,136646.640625
0.40816954036081227,150387.703125
0.40935607972232624,142527.625
0.4105426190838402,97058.5390625
0.41172915844535424,137772.25
0.4129156978068682,137949.078125
0.4141022371683822,105752.3515625
0.4152887765298962,123450.3359375
0.4164753158914102,112522.953125
0.41766185525292415,75720.4375
0.4188483946144381,149863.125
0.42003493397595215,102967.375
0.4212214733374661,26461.857421875
0.4224080126989801,120870.6015625
0.4235945520604941,108011.7890625
0.4247810914220081,154061.28125
0.4259676307835221,147580.921875
0.4271541701450361,46024.3671875
0.4283407095065501,115119.4453125
0.429527248868064,123783.375
0.4307137882295781,40129.48828125
0.431900327591092,140012.609375
0.433086866952606,193850.671875
0.43427340631412,118133.8046875
0.435459945675634,103026.3125
0.4366464850371479,114676.7578125
0.437833024398662,65797.96875
0.439019563760176,104811.9609375
0.44020610312169,145292.1875
0.4413926424832039,57265.22265625
0.442579181844718,140755.390625
0.4437657212062319,100682.890625
0.4449522605677459,82962.703125
0.4461387999292599,98011.78125
0.4473253392907739,73642.21875
0.4485118786522879,118509.5625
0.4496984180138017,107339.6953125
0.4508849573753159,109463.6875
0.4520714967368298,183803.828125
0.4532580360983438,116909.8046875
0.4544445754598578,133609.96875
0.4556311148213718,158664.59375
0.4568176541828858,156923.046875
0.4580041935443998,125948.9609375
0.4591907329059138,229947.046875
0.4603772722674278,44390.4375
0.4615638116289418,42849.39453125
0.4627503509904558,118105.640625
0.4639368903519697,156965.109375
0.4651234297134838,145962.703125
0.4663099690749977,144326.859375
0.4674965084365117,139258.625
0.4686830477980257,158215.8125
0.4698695871595397,216368.1875
0.4710561265210537,40781.984375
0.4722426658825677,125863.9453125
0.4734292052440817,114364.8359375
0.4746157446055957,148284.203125
0.4758022839671096,113175.6796875
0.4769888233286236,267104.625
0.4781753626901376,260223.328125
0.4793619020516516,260234.234375
0.4805484414131656,304209.4375
0.4817349807746796,295527.1875
0.4829215201361936,190181.75
0.4841080594977075,260282.890625
0.4852945988592216,206322.328125
0.4864811382207355,181433.546875
0.4876676775822495,224833.5625
0.4888542169437635,185033.1875
0.4900407563052775,222687.25
0.4912272956667914,159501.140625
0.4924138350283055,198462.484375
0.4936003743898194,202524.921875
0.4947869137513334,191256.6875
0.4959734531128474,194432.40625
0.4971599924743614,135070.625
0.4983465318358754,111135.5625
0.4995330711973894,196264.84375
0.5007196105589033,224336.015625
0.5019061499204174,124433.0546875
0.5030926892819314,184463.734375
0.5042792286434453,258781.75
0.5054657680049593,282433.71875
0.5066523073664734,207284.0
0.5078388467279873,235838.0625
0.5090253860895013,177029.59375
0.5102119254510153,136407.71875
0.5113984648125293,127984.8515625
0.5125850041740433,107101.75
0.5137715435355573,148263.5625
0.5149580828970712,97759.7265625
0.5161446222585853,150906.203125
0.5173311616200993,121660.015625
0.5185177009816132,103954.0546875
0.5197042403431272,104430.3203125
0.5208907797046413,169979.640625
0.5220773190661552,132323.015625
0.5232638584276692,145498.09375
0.5244503977891832,151133.46875
0.5256369371506971,221241.03125
0.5268234765122112,146366.25
0.5280100158737251,177006.640625
0.5291965552352391,106452.78125
0.5303830945967531,152323.921875
0.5315696339582671,97774.2734375
0.5327561733197811,122749.703125
0.5339427126812951,116295.96875
0.535129252042809,217449.03125
0.5363157914043231,358661.5625
0.5375023307658371,143427.703125
0.538688870127351,70732.640625
0.539875409488865,318512.1875
0.5410619488503791,19820.6171875
0.5422484882118929,213898.390625
0.5434350275734071,151811.546875
0.544621566934921,161873.3125
0.545808106296435,147633.15625
0.546994645657949,374411.25
0.5481811850194629,300701.96875
0.5493677243809769,266426.125
0.550554263742491,214250.15625
0.551740803104005,202204.359375
0.5529273424655189,363275.78125
0.5541138818270329,131912.25
0.5553004211885469,143226.078125
0.5564869605500609,144202.890625
0.5576734999115749,171592.09375
0.5588600392730889,130722.03125
0.5600465786346028,132082.328125
0.5612331179961169,231039.765625
0.5624196573576308,164582.953125
0.5636061967191448,161834.109375
0.5647927360806588,190028.015625
0.5659792754421727,165573.359375
0.5671658148036868,150373.078125
0.5683523541652008,237200.46875
0.5695388935267147,172336.328125
0.5707254328882287,153885.359375
0.5719119722497428,169727.265625
0.5730985116112567,212322.890625
0.5742850509727707,368225.65625
0.5754715903342847,391298.21875
0.5766581296957987,66322.0
0.5778446690573127,147264.3125
0.5790312084188267,132637.09375
0.5802177477803406,251095.78125
0.5814042871418547,170019.53125
0.5825908265033687,195874.21875
0.5837773658648826,181944.34375
0.5849639052263966,164705.90625
0.5861504445879107,193411.546875
0.5873369839494246,116516.3359375
0.5885235233109386,190898.4375
0.5897100626724526,134781.875
0.5908966020339665,259119.828125
0.5920831413954806,163118.328125
0.5932696807569946,116892.4140625
0.5944562201185085,123351.0078125
0.5956427594800225,95347.953125
0.5968292988415365,101103.46875
0.5980158382030505,105553.3515625
0.5992023775645645,135540.578125
0.6003889169260784,132177.71875
0.6015754562875925,254013.0
0.6027619956491065,456987.5
0.6039485350106204,384358.28125
0.6051350743721344,415760.9375
0.6063216137336485,438277.21875
0.6075081530951624,344840.1875
0.6086946924566764,264691.3125
0.6098812318181904,313248.3125
0.6110677711797043,460005.4375
0.6122543105412184,247848.75
0.6134408499027324,354366.40625
0.6146273892642463,312814.53125
0.6158139286257603,268579.0
0.6170004679872744,194538.875
0.6181870073487883,286320.03125
0.6193735467103023,213850.46875
0.6205600860718163,201018.046875
0.6217466254333303,166460.9375
0.6229331647948443,201197.5625
0.6241197041563583,169651.21875
0.6253062435178722,211282.640625
0.6264927828793863,174325.875
0.6276793222409002,178404.453125
0.6288658616024142,189415.90625
0.6300524009639282,227151.5
0.6312389403254421,214256.296875
0.6324254796869562,111242.234375
0.6336120190484702,197263.515625
0.6347985584099841,171251.734375
0.6359850977714981,269662.84375
0.6371716371330122,268980.65625
0.6383581764945261,270451.96875
0.6395447158560401,255435.3125
0.6407312552175541,281945.8125
0.6419177945790681,257031.25
0.6431043339405821,201130.796875
0.6442908733020961,216646.3125
0.64547741266361,266134.59375
0.6466639520251241,174297.625
0.6478504913866381,212436.921875
0.649037030748152,221539.578125
0.650223570109666,225708.375
0.65141010947118,198538.21875
0.652596648832694,173218.515625
0.653783188194208,87566.578125
0.654969727555722,166903.328125
0.6561562669172359,168452.0625
0.65734280627875,166671.578125
0.658529345640264,195364.359375
0.6597158850017779,181562.671875
0.6609024243632919,174288.8125
0.6620889637248059,125957.7265625
0.6632755030863199,131741.53125
0.6644620424478339,100825.7734375
0.6656485818093478,115377.296875
0.6668351211708619,145588.3125
0.6680216605323759,136919.546875
0.6692081998938898,291029.25
0.6703947392554038,337159.84375
0.6715812786169179,158632.8125
0.6727678179784318,158575.9375
0.6739543573399458,140652.46875
0.6751408967014598,156947.296875
0.6763274360629737,247751.15625
0.6775139754244878,206854.28125
0.6787005147860018,235418.96875
0.6798870541475157,239129.265625
0.6810735935090297,154766.515625
0.6822601328705438,216096.1875
0.6834466722320577,173893.0
0.6846332115935717,196932.6875
0.6858197509550857,359821.59375
0.6870062903165997,221071.453125
0.6881928296781137,266182.3125
0.6893793690396277,317055.65625
0.6905659084011416,147852.53125
0.6917524477626557,146098.765625
0.6929389871241697,148418.890625
0.6941255264856836,176083.3125
0.6953120658471976,148491.8125
0.6964986052087115,127134.7578125
0.6976851445702256,129583.3203125
0.6988716839317396,144022.984375
0.7000582232932535,156632.234375
0.7012447626547675,102741.28125
0.7024313020162816,114376.5078125
0.7036178413777955,140760.484375
0.7048043807393095,81370.1484375
0.7059909201008235,138459.546875
0.7071774594623375,189509.6875
0.7083639988238515,111343.703125
0.7095505381853655,196423.25
0.7107370775468794,123619.0390625
0.7119236169083935,170933.21875
0.7131101562699075,154262.265625
0.7142966956314214,128258.6796875
0.7154832349929354,122703.3515625
0.7166697743544495,114937.671875
0.7178563137159634,97039.2890625
0.7190428530774774,172142.5
0.7202293924389914,46704.19921875
0.7214159318005053,142583.5
0.7226024711620194,92514.640625
0.7237890105235334,121659.3203125
0.7249755498850473,135627.859375
0.7261620892465613,107244.7421875
0.7273486286080754,133038.6875
0.7285351679695893,142305.6875
0.7297217073311033,140723.984375
0.7309082466926172,112795.09375
0.7320947860541313,171539.734375
0.7332813254156453,129502.5234375
0.7344678647771592,123987.890625
0.7356544041386732,129112.9609375
0.7368409435001873,124823.25
0.7380274828617012,112390.5
0.7392140222232152,137571.109375
0.7404005615847292,111213.8125
0.7415871009462431,112601.1015625
0.7427736403077572,153288.640625
0.7439601796692712,104375.859375
0.7451467190307851,81214.5546875
0.7463332583922991,88969.5703125
0.7475197977538132,111392.5625
0.7487063371153271,85317.53125
0.7498928764768411,103194.0703125
0.7510794158383551,111778.109375
0.7522659551998689,93117.6171875
0.7534524945613831,124982.6328125
0.7546390339228971,94149.7890625
0.7558255732844108,78788.6640625
0.7570121126459249,115275.890625
0.7581986520074391,67936.9765625
0.759385191368953,62190.72265625
0.760571730730467,93366.9609375
0.761758270091981,107745.4296875
0.762944809453495,139992.1875
0.764131348815009,156445.03125
0.7653178881765229,99569.8828125
0.7665044275380369,57370.34375
0.7676909668995509,165448.65625
0.7688775062610649,122993.671875
0.7700640456225789,116799.25
0.7712505849840929,125439.9765625
0.7724371243456069,113559.2734375
0.7736236637071209,135146.90625
0.7748102030686349,113849.0234375
0.7759967424301488,111499.90625
0.7771832817916628,158876.875
0.7783698211531769,90576.7890625
0.7795563605146908,128400.3984375
0.7807428998762048,125284.6796875
0.7819294392377188,100448.4921875
0.7831159785992328,100566.390625
0.7843025179607468,31692.40625
0.7854890573222608,131980.703125
0.7866755966837747,29390.2734375
0.7878621360452888,130704.828125
0.7890486754068028,99310.6015625
0.7902352147683167,146874.953125
0.7914217541298307,141491.03125
0.7926082934913448,113842.5078125
0.7937948328528587,85323.71875
0.7949813722143727,127624.6875
0.7961679115758867,135106.703125
0.7973544509374006,77328.5703125
0.7985409902989147,126764.046875
0.7997275296604286,129814.1328125
0.8009140690219426,110925.6953125
0.8021006083834566,163896.125
0.8032871477449706,114785.296875
0.8044736871064846,128965.2890625
0.8056602264679986,113275.8828125
0.8068467658295125,124847.8984375
0.8080333051910266,155910.171875
0.8092198445525406,126973.6015625
0.8104063839140545,134079.328125
0.8115929232755685,92147.1015625
0.8127794626370826,142333.25
0.8139660019985965,145293.703125
0.8151525413601105,114764.0625
0.8163390807216245,120630.7265625
0.8175256200831384,111730.2578125
0.8187121594446525,230526.5
0.8198986988061665,132438.40625
0.8210852381676804,57978.45703125
0.8222717775291944,171812.5
0.8234583168907085,93131.9140625
0.8246448562522224,135627.484375
0.8258313956137364,215568.421875
0.8270179349752504,210949.421875
0.8282044743367644,251832.015625
0.8293910136982784,225494.515625
0.8305775530597924,179719.1875
0.8317640924213063,188649.203125
0.8329506317828204,302592.84375
0.8341371711443343,272786.65625
0.8353237105058483,188231.546875
0.8365102498673623,215083.375
0.8376967892288762,157792.390625
0.8388833285903903,223030.28125
0.8400698679519043,176935.75
0.8412564073134182,186115.59375
0.8424429466749322,189233.015625
0.8436294860364463,150653.984375
0.8448160253979602,121988.8125
0.8460025647594742,183605.15625
0.8471891041209882,212785.875
0.8483756434825022,231165.609375
0.8495621828440162,275644.96875
0.8507487222055302,221862.859375
0.8519352615670441,190387.71875
0.8531218009285582,123986.46875
0.8543083402900722,183879.734375
0.8554948796515861,176810.921875
0.8566814190131001,182395.015625
0.8578679583746142,184443.34375
0.8590544977361281,120191.4921875
0.8602410370976421,128220.765625
0.8614275764591561,102366.59375
0.8626141158206699,135332.109375
0.8638006551821841,160908.265625
0.864987194543698,511955.59375
0.866173733905212,42777.77734375
0.8673602732667259,70583.9140625
0.86854681262824,80438.5625
0.869733351989754,87952.4921875
0.870919891351268,66093.6171875
0.8721064307127819,108556.015625
0.8732929700742958,117496.28125
0.87447950943581,135523.515625
0.8756660487973239,148334.0
0.8768525881588379,175779.953125
0.878039127520352,136470.046875
0.8792256668818659,137881.875
0.8804122062433799,185460.375
0.8815987456048939,139388.5625
0.8827852849664078,189830.21875
0.8839718243279219,120144.2734375
0.8851583636894359,154207.390625
0.8863449030509498,153377.984375
0.8875314424124638,257832.59375
0.8887179817739779,211090.703125
0.8899045211354918,114583.1796875
0.8910910604970058,107148.03125
0.8922775998585198,116006.1953125
0.8934641392200338,77108.453125
0.8946506785815478,142892.234375
0.8958372179430618,110991.6171875
0.8970237573045757,142769.78125
0.8982102966660898,24987.05078125
0.8993968360276037,47665.08984375
0.9005833753891177,58569.046875
0.9017699147506316,44461.27734375
0.9029564541121456,312619.1875
0.9041429934736596,285349.59375
0.9053295328351736,254065.8125
0.9065160721966876,177051.203125
0.9077026115582016,53349.15234375
0.9088891509197156,184876.5625
0.9100756902812296,191761.3125
0.9112622296427436,239836.359375
0.9124487690042576,268934.25
0.9136353083657716,160134.578125
0.9148218477272856,192297.71875
0.9160083870887996,160804.265625
0.9171949264503136,170969.421875
0.9183814658118276,244921.265625
0.9195680051733416,223240.953125
0.9207545445348556,258615.21875
0.9219410838963696,280850.625
0.9231276232578836,166158.15625
0.9243141626193976,75837.0078125
0.9255007019809116,141255.90625
0.9266872413424256,143666.71875
0.9278737807039394,108348.015625
0.9290603200654536,140978.390625
0.9302468594269676,108705.921875
0.9314333987884814,112899.59375
0.9326199381499954,140059.484375
0.9338064775115094,72385.8046875
0.9349930168730234,133173.625
0.9361795562345374,133962.25
0.9373660955960512,121647.953125
0.9385526349575654,92453.4296875
0.9397391743190794,157270.78125
0.9409257136805932,156820.859375
0.9421122530421072,167121.375
0.9432987924036214,176674.734375
0.9444853317651352,153669.046875
0.9456718711266492,204544.390625
0.9468584104881632,137026.65625
0.9480449498496772,163643.890625
0.9492314892111912,108102.578125
0.9504180285727052,194117.0625
0.9516045679342192,230472.640625
0.9527911072957332,347261.1875
0.9539776466572472,351714.0
0.9551641860187612,161817.59375
0.9563507253802752,298845.71875
0.9575372647417892,389152.40625
0.9587238041033032,380189.875
0.9599103434648172,139309.234375
0.9610968828263312,187137.203125
0.9622834221878452,204127.375
0.9634699615493592,154725.1875
0.9646565009108732,146662.0625
0.9658430402723872,182479.390625
0.9670295796339012,107921.3828125
0.9682161189954149,168066.78125
0.9694026583569292,152832.921875
0.9705891977184432,143582.21875
0.971775737079957,160671.203125
0.9729622764414709,95852.1328125
0.9741488158029852,152460.671875
0.975335355164499,159936.171875
0.976521894526013,106735.3828125
0.977708433887527,116864.4375
0.9788949732490408,146962.234375
0.980081512610555,122677.4921875
0.9812680519720691,368360.53125
0.9824545913335828,263810.28125
0.983641130695097,353284.59375
0.984827670056611,460494.40625
0.9860142094181248,316865.53125
0.9872007487796388,384774.90625
0.988387288141153,442361.34375
0.9895738275026668,373164.3125
0.9907603668641808,452931.5625
0.9919469062256948,269392.6875
0.9931334455872088,317838.25
0.9943199849487228,322068.25
0.9955065243102368,325472.125
0.9966930636717508,300199.96875
0.9978796030332648,312678.8125
0.9990661423947788,215347.734375
1.0002526817562931,226410.328125
1.0014392211178067,201564.390625
1.0026257604793207,204008.84375
1.0038122998408348,195795.21875
1.0049988392023488,198747.359375
1.0061853785638628,222149.3125
1.0073719179253768,263791.40625
1.0085584572868906,207273.90625
1.009744996648405,204876.078125
1.0109315360099187,95868.5
1.0121180753714327,159978.578125
1.0133046147329468,142651.640625
1.0144911540944608,175475.953125
1.0156776934559746,167545.234375
1.0168642328174886,177990.96875
1.0180507721790026,168527.90625
1.0192373115405169,167713.734375
1.0204238509020307,166928.953125
1.0216103902635445,213281.40625
1.0227969296250583,194171.6875
1.0239834689865726,180345.171875
1.0251700083480866,166711.484375
1.0263565477096006,198611.5
1.0275430870711146,116940.25
1.0287296264326284,185896.6875
1.0299161657941425,204461.703125
1.0311027051556565,185066.546875
1.0322892445171703,165814.015625
1.0334757838786846,271212.375
1.0346623232401986,381235.90625
1.0358488626017124,275183.75
1.0370354019632264,228161.9375
1.0382219413247404,279747.15625
1.0394084806862545,257599.09375
1.0405950200477685,192455.859375
1.0417815594092823,226198.8125
1.0429680987707963,214359.09375
1.0441546381323104,362101.5
1.0453411774938244,153349.3125
1.0465277168553384,228511.4375
1.0477142562168524,238513.859375
1.0489007955783665,181339.78125
1.0500873349398805,184009.71875
1.0512738743013943,207218.375
1.0524604136629083,193727.953125
1.0536469530244224,234243.0
1.0548334923859364,129806.3359375
1.0560200317474502,198065.796875
1.0572065711089642,280969.03125
1.0583931104704782,213726.5
1.0595796498319925,213657.625
1.0607661891935063,92231.5
1.0619527285550203,93994.765625
1.063139267916534,133188.109375
1.0643258072780482,164947.03125
1.0655123466395622,179237.359375
1.0666988860010762,115306.234375
1.0678854253625902,115787.5625
1.0690719647241045,127318.09375
1.070258504085618,236527.984375
1.071445043447132,117596.28125
1.072631582808646,149915.71875
1.07381812217016,190127.34375
1.0750046615316742,170002.984375
1.0761912008931882,189914.234375
1.077377740254702,218692.0625
1.078564279616216,125798.3046875
1.07975081897773,164083.171875
1.0809373583392439,157237.03125
1.082123897700758,177951.4375
1.083310437062272,255261.6875
1.0844969764237857,233827.40625
1.0856835157853,221117.421875
1.0868700551468142,307867.59375
1.088056594508328,297922.03125
1.089243133869842,132436.375
1.090429673231356,174238.78125
1.09161621259287,125567.453125
1.092802751954384,157638.671875
1.093989291315898,193699.875
1.095175830677412,186650.609375
1.0963623700389258,216841.234375
1.0975489094004398,139794.203125
1.0987354487619538,129385.7421875
1.099921988123468,136923.984375
1.101108527484982,91388.8515625
1.102295066846496,115256.7578125
1.10348160620801,143359.46875
1.1046681455695238,131619.46875
1.1058546849310378,126145.7421875
1.1070412242925518,152260.890625
1.1082277636540658,124716.640625
1.10941430301558,189981.984375
1.110600842377094,152703.546875
1.1117873817386077,194742.875
1.1129739211001215,125995.453125
1.1141604604616355,59760.875
1.1153469998231498,70254.0390625
1.1165335391846638,141364.921875
1.1177200785461778,131361.390625
1.1189066179076916,123964.2421875
1.1200931572692057,151156.828125
1.1212796966307197,136092.109375
1.1224662359922335,145519.875
1.1236527753537475,119833.8203125
1.1248393147152616,138387.609375
1.1260258540767756,120243.1953125
1.1272123934382896,134827.0
1.1283989327998036,108397.9375
1.1295854721613177,165528.515625
1.1307720115228317,126741.6796875
1.1319585508843455,227934.671875
1.1331450902458595,129204.609375
1.1343316296073735,119408.640625
1.1355181689688876,137540.40625
1.1367047083304016,132188.296875
1.1378912476919156,130376.6640625
1.1390777870534294,109564.6875
1.1402643264149437,175057.921875
1.1414508657764575,105611.0546875
1.1426374051379715,90093.21875
1.1438239444994855,159672.0625
1.1450104838609996,167717.5625
1.1461970232225134,113699.390625
1.1473835625840274,112156.0078125
1.1485701019455414,153515.390625
1.1497566413070557,109789.671875
1.1509431806685697,122299.015625
1.1521297200300835,124456.078125
1.153316259391597,159339.984375
1.1545027987531111,153790.0
1.1556893381146254,134393.984375
1.1568758774761394,143814.5
1.1580624168376534,112524.9921875
1.1592489561991672,101661.734375
1.1604354955606813,129119.2421875
1.1616220349221953,94150.9609375
1.162808574283709,106792.09375
1.1639951136452231,100983.296875
1.1651816530067374,103554.703125
1.1663681923682512,115934.078125
1.1675547317297652,130311.03125
1.1687412710912792,80537.5078125
1.1699278104527933,135535.03125
1.1711143498143073,149749.390625
1.172300889175821,106233.9140625
1.1734874285373351,80787.9765625
1.1746739678988491,159296.53125
1.1758605072603632,116100.7109375
1.1770470466218772,211966.40625
1.1782335859833912,34431.5078125
1.1794201253449053,120933.09375
1.180606664706419,118304.3828125
1.1817932040679329,114629.0859375
1.1829797434294471,118332.3671875
1.1841662827909611,115784.9140625
1.1853528221524752,111036.3984375
1.1865393615139892,120577.59375
1.187725900875503,113927.0078125
1.188912440237017,116151.4375
1.190098979598531,102056.2265625
1.191285518960045,152648.640625
1.1924720583215591,109400.96875
1.193658597683073,99705.1953125
1.194845137044587,112113.5546875
1.1960316764061008,121341.828125
1.197218215767615,123102.3359375
1.1984047551291293,181552.28125
1.199591294490643,231255.125
1.2007778338521569,164223.4375
1.201964373213671,108227.1875
1.203150912575185,58674.87890625
1.204337451936699,147188.90625
1.2055239912982127,124506.171875
1.206710530659727,133178.828125
1.2078970700212408,125010.171875
1.2090836093827548,98197.125
1.2102701487442689,112012.984375
1.2114566881057829,115744.7265625
1.2126432274672971,132247.6875
1.213829766828811,105793.9140625
1.2150163061903247,92638.5078125
1.2162028455518388,119772.8125
1.2173893849133528,124262.046875
1.2185759242748668,178709.265625
1.2197624636363809,133303.109375
1.2209490029978949,143054.21875
1.222135542359409,91846.953125
1.2233220817209227,78285.640625
1.2245086210824367,216499.046875
1.2256951604439508,189952.640625
1.2268816998054648,130547.1171875
1.2280682391669786,121080.578125
1.2292547785284926,267456.40625
1.2304413178900069,134559.4375
1.231627857251521,109539.8203125
1.2328143966130347,93715.140625
1.2340009359745487,161110.8125
1.2351874753360623,126642.84375
1.2363740146975766,143184.015625
1.2375605540590906,81734.0546875
1.2387470934206046,154482.5
1.2399336327821189,226215.0
1.241120172143633,204574.828125
1.2423067115051465,221627.0625
1.2434932508666603,200477.578125
1.2446797902281743,169979.640625
1.2458663295896886,197326.359375
1.2470528689512026,161264.984375
1.2482394083127166,198853.53125
1.2494259476742304,194225.578125
1.2506124870357445,327785.28125
1.2517990263972585,132254.625
1.2529855657587723,160899.671875
1.2541721051202863,150789.8125
1.2553586444818003,158412.390625
1.2565451838433144,236867.71875
1.2577317232048284,201086.5
1.2589182625663424,169503.71875
1.2601048019278565,215043.796875
1.2612913412893705,99707.09375
1.2624778806508845,117940.296875
1.2636644200123983,86718.9765625
1.2648509593739123,134178.84375
1.2660374987354264,124805.7578125
1.2672240380969404,131369.28125
1.2684105774584544,104183.3203125
1.2695971168199682,121428.421875
1.2707836561814825,238254.46875
1.2719701955429965,220136.09375
1.2731567349045103,172310.6875
1.2743432742660243,248384.46875
1.2755298136275384,273052.40625
1.2767163529890522,199233.75
1.2779028923505662,226680.390625
1.2790894317120802,169485.625
1.2802759710735945,173707.53125
1.2814625104351085,185620.859375
1.2826490497966223,177400.046875
1.283835589158136,161812.65625
1.28502212851965,136881.296875
1.2862086678811642,108278.8125
1.2873952072426782,133779.421875
1.2885817466041922,102317.5
1.289768285965706,101190.1875
1.29095482532722,166246.125
1.292141364688734,161999.34375
1.293327904050248,817921.5625
1.294514443411762,140458.5
1.2957009827732762,139135.6875
1.29688752213479,31810.625
1.298074061496304,86023.2734375
1.2992606008578178,109938.6640625
1.300447140219332,109481.859375
1.301633679580846,122771.7109375
1.30282021894236,158754.5
1.304006758303874,172640.3125
1.305193297665388,165327.375
1.3063798370269022,153663.625
1.307566376388416,175645.234375
1.30875291574993,156053.875
1.309939455111444,176124.28125
1.311125994472958,57440.91015625
1.312312533834472,192567.859375
1.313499073195986,132009.40625
1.3146856125575,154471.75
1.3158721519190142,191309.78125
1.317058691280528,105030.6953125
1.3182452306420418,171532.21875
1.3194317700035558,106716.9609375
1.32061830936507,176544.703125
1.321804848726584,575285.125
1.322991388088098,108856.5546875
1.3241779274496115,99125.8046875
1.3253644668111255,89239.8046875
1.3265510061726398,85804.59375
1.3277375455341538,20786.71875
1.3289240848956678,61800.03125
1.330110624257182,79302.2578125
1.3312971636186957,81968.0
1.3324837029802097,267706.96875
1.3336702423417237,157840.859375
1.3348567817032375,181086.78125
1.3360433210647518,228956.0
1.3372298604262658,189881.28125
1.3384163997877796,135603.671875
1.3396029391492936,136561.96875
1.3407894785108077,160760.25
1.3419760178723217,332321.90625
1.3431625572338357,202544.421875
1.3443490965953495,303340.90625
1.3455356359568635,150159.546875
1.3467221753183776,180192.34375
1.3479087146798916,265563.125
1.3490952540414056,182779.484375
1.3502817934029197,291267.46875
1.3514683327644337,237714.515625
1.3526548721259477,66285.7734375
1.3538414114874615,145163.375
1.3550279508489755,84658.1015625
1.3562144902104896,96087.265625
1.3574010295720036,59013.61328125
1.3585875689335174,83992.2265625
1.3597741082950314,144120.40625
1.3609606476565457,192620.75
1.3621471870180597,153936.734375
1.3633337263795735,177142.40625
1.3645202657410875,81827.4140625
1.3657068051026011,105787.65625
1.3668933444641154,147273.15625
1.3680798838256294,142319.9375
1.3692664231871434,136665.15625
1.3704529625486574,127984.4921875
1.3716395019101717,125557.6328125
1.3728260412716853,137045.484375
1.3740125806331993,154313.609375
1.3751991199947131,167488.203125
1.3763856593562274,166525.5625
1.3775721987177414,157703.484375
1.3787587380792554,154666.03125
1.3799452774407692,217412.953125
1.3811318168022833,239777.8125
1.3823183561637973,239980.046875
1.3835048955253113,160411.390625
1.3846914348868251,138153.015625
1.3858779742483394,595801.0
1.3870645136098532,542142.0625
1.3882510529713672,357729.34375
1.3894375923328812,436867.96875
1.3906241316943952,377419.40625
1.3918106710559093,287293.75
1.3929972104174229,361443.21875
1.394183749778937,154519.484375
1.3953702891404511,133665.28125
1.3965568285019652,160693.578125
1.3977433678634792,245409.234375
1.3989299072249932,168957.40625
1.400116446586507,121743.8203125
1.401302985948021,96886.15625
1.4024895253095349,149228.75
1.403676064671049,90876.5078125
1.4048626040325631,96288.890625
1.4060491433940772,108497.7421875
1.4072356827555907,96537.3359375
1.4084222221171052,100977.0390625
1.4096087614786192,127176.3515625
1.410795300840133,191852.96875
1.411981840201647,121661.40625
1.4131683795631609,143575.78125
1.414354918924675,372788.3125
1.415541458286189,218921.390625
1.416727997647703,226314.90625
1.4179145370092168,360021.03125
1.419101076370731,300781.40625
1.420287615732245,376203.0
1.4214741550937589,235116.75
1.4226606944552729,285644.1875
1.423847233816787,329238.65625
1.4250337731783012,315083.4375
1.426220312539815,349617.53125
1.4274068519013288,237093.265625
1.4285933912628428,255487.703125
1.4297799306243568,296179.5
1.4309664699858708,260091.328125
1.4321530093473849,161394.6875
1.4333395487088991,153363.203125
1.4345260880704127,166218.546875
1.4357126274319267,214492.828125
1.4368991667934408,163784.875
1.4380857061549548,192379.15625
1.4392722455164688,195101.09375
1.4404587848779828,176910.9375
1.4416453242394969,166049.328125
1.442831863601011,179839.03125
1.4440184029625247,184102.234375
1.4452049423240387,198881.984375
1.4463914816855528,231489.90625
1.4475780210470668,246135.828125
1.4487645604085806,363610.96875
1.4499510997700946,282677.59375
1.4511376391316086,518425.78125
1.452324178493123,270692.71875
1.4535107178546367,296303.8125
1.4546972572161507,222097.0
1.4558837965776643,183952.34375
1.4570703359391786,200362.328125
1.4582568753006926,196465.59375
1.4594434146622066,377722.25
1.4606299540237206,179378.265625
1.4618164933852345,87359.546875
1.4630030327467485,174576.4375
1.4641895721082625,82902.28125
1.4653761114697763,170012.875
1.4665626508312906,163443.15625
1.4677491901928046,159408.6875
1.4689357295543184,158730.578125
1.4701222689158324,143808.734375
1.4713088082773464,132671.125
1.4724953476388605,133516.46875
1.4736818870003745,86611.359375
1.4748684263618883,44390.859375
1.4760549657234023,127170.2890625
1.4772415050849164,103240.53125
1.4784280444464304,102473.6484375
1.4796145838079444,99938.5234375
1.4808011231694584,118142.4765625
1.4819876625309725,68472.296875
1.4831742018924865,118790.9765625
1.4843607412540003,201918.78125
1.4855472806155143,293795.875
1.4867338199770284,156321.25
1.4879203593385424,146535.109375
1.4891068987000564,154690.96875
1.4902934380615702,131503.78125
1.4914799774230842,212187.0625
1.4926665167845985,216313.09375
1.4938530561461123,132979.078125
1.4950395955076263,131000.9609375
1.49622613486914,120978.0859375
1.4974126742306542,149792.25
1.4985992135921682,133168.421875
1.4997857529536822,145218.484375
1.5009722923151962,125766.7578125
1.5021588316767105,127087.1171875
1.503345371038224,172190.9375
1.5045319103997379,180702.75
1.505718449761252,135341.53125
1.5069049891227662,133211.609375
1.5080915284842802,127601.9296875
1.5092780678457942,142473.40625
1.510464607207308,147392.578125
1.5116511465688216,143560.3125
1.5128376859303359,137259.34375
1.5140242252918499,144878.890625
1.515210764653364,114235.1171875
1.5163973040148782,129207.8125
1.5175838433763917,116117.984375
1.518770382737906,121557.375
1.5199569220994198,161565.78125
1.521143461460934,145457.3125
1.522330000822448,149804.53125
1.523516540183962,165520.15625
1.524703079545476,136304.609375
1.52588961890699,141882.625
1.5270761582685042,186313.421875
1.528262697630018,137239.703125
1.5294492369915318,124778.9765625
1.5306357763530458,115060.0625
1.5318223157145598,134209.546875
1.533008855076074,153323.0
1.5341953944375881,128053.7109375
1.5353819337991017,160834.171875
1.536568473160616,118018.828125
1.5377550125221298,104989.6328125
1.5389415518836438,86575.5234375
1.5401280912451578,80381.3515625
1.5413146306066718,207089.359375
1.542501169968186,100289.59375
1.5436877093297,126161.859375
1.5448742486912137,135695.265625
1.5460607880527275,136386.515625
1.5472473274142418,113358.015625
1.5484338667757558,254709.203125
1.5496204061372698,85288.8984375
1.5508069454987838,91757.390625
1.5519934848602976,92103.6953125
1.5531800242218117,141946.78125
1.5543665635833257,107967.7109375
1.5555531029448395,101707.6015625
1.5567396423063538,77061.84375
1.5579261816678678,139379.921875
1.5591127210293816,126207.3515625
1.5602992603908956,105279.0
1.5614857997524096,116553.5625
1.5626723391139237,143610.15625
1.5638588784754377,98877.8671875
1.5650454178369515,130434.3671875
1.5662319571984655,103886.9609375
1.5674184965599796,92373.046875
1.5686050359214936,109076.96875
1.5697915752830076,97912.75
1.5709781146445216,115009.1640625
1.5721646540060354,126315.2421875
1.5733511933675497,72090.6640625
1.5745377327290635,104434.0078125
1.5757242720905775,87063.6171875
1.5769108114520916,111380.34375
1.5780973508136056,90214.625
1.5792838901751194,102660.0859375
1.5804704295366334,46335.078125
1.5816569688981474,106737.015625
1.5828435082596617,84768.6171875
1.5840300476211755,99205.90625
1.5852165869826895,94852.578125
1.586403126344203,151267.71875
1.5875896657057174,68225.90625
1.5887762050672314,158353.796875
1.5899627444287454,62095.54296875
1.5911492837902594,100764.15625
1.5923358231517737,115091.125
1.5935223625132873,148952.90625
1.5947089018748013,124358.4296875
1.595895441236315,100379.5390625
1.5970819805978294,76139.2734375
1.5982685199593434,211273.578125
1.5994550593208572,120648.5625
1.6006415986823712,104346.3984375
1.6018281380438852,127783.0078125
1.6030146774053993,134290.71875
1.6042012167669133,136885.984375
1.605387756128427,152233.296875
1.6065742954899411,146045.28125
1.6077608348514552,97197.1171875
1.6089473742129692,183521.125
1.6101339135744832,149982.21875
1.6113204529359972,118794.6015625
1.6125069922975113,204156.375
1.6136935316590248,139441.875
1.614880071020539,88096.0390625
1.6160666103820531,153749.09375
1.6172531497435672,279021.625
1.6184396891050812,138323.484375
1.6196262284665952,164052.828125
1.6208127678281092,130246.671875
1.621999307189623,120199.171875
1.623185846551137,234072.390625
1.6243723859126509,172095.875
1.6255589252741651,169113.625
1.6267454646356792,162744.640625
1.627932003997193,245497.71875
1.6291185433587068,259817.640625
1.630305082720221,201591.6875
1.631491622081735,219674.703125
1.632678161443249,171262.828125
1.6338647008047629,142173.5625
1.635051240166277,140451.53125
1.6362377795277911,158583.5
1.637424318889305,187511.28125
1.6386108582508192,182238.53125
1.639797397612333,213518.703125
1.6409839369738468,141565.8125
1.6421704763353608,114625.8046875
1.6433570156968749,136395.109375
1.6445435550583893,182932.25
1.6457300944199031,202301.578125
1.646916633781417,201159.0
1.6481031731429308,175346.3125
1.6492897125044448,227525.0625
1.6504762518659588,182068.96875
1.6516627912274728,194492.859375
1.6528493305889869,223469.9375
1.6540358699505011,120489.65625
1.6552224093120147,183910.421875
1.6564089486735287,186209.328125
1.6575954880350428,171721.75
1.6587820273965568,179684.734375
1.6599685667580708,96549.578125
1.6611551061195848,121455.640625
1.6623416454810986,132407.96875
1.663528184842613,163889.40625
1.6647147242041267,71722.0
1.6659012635656407,254232.8125
1.6670878029271547,140607.53125
1.6682743422886686,119012.328125
1.6694608816501826,94000.3203125
1.6706474210116966,109763.7109375
1.6718339603732106,109287.09375
1.6730204997347249,124336.2578125
1.6742070390962387,83395.59375
1.6753935784577525,74101.703125
1.6765801178192663,112378.0625
1.6777666571807806,109354.4453125
1.6789531965422946,113282.5859375
1.6801397359038086,124382.984375
1.6813262752653226,138638.71875
1.6825128146268364,151827.765625
1.6836993539883505,114510.859375
1.6848858933498645,94200.7109375
1.6860724327113783,132866.25
1.6872589720728923,179576.46875
1.6884455114344066,181480.265625
1.6896320507959204,151316.921875
1.6908185901574344,159849.09375
1.6920051295189484,206823.90625
1.6931916688804625,134774.03125
1.6943782082419765,122367.96875
1.6955647476034903,58087.09765625
1.6967512869650043,90996.4453125
1.6979378263265184,122658.1953125
1.6991243656880324,27142.576171875
1.7003109050495464,44663.61328125
1.7014974444110604,38630.00390625
1.7026839837725742,336234.4375
1.7038705231340885,258843.703125
1.7050570624956023,206613.546875
1.7062436018571163,147342.546875
1.7074301412186303,191605.015625
1.7086166805801444,134259.484375
1.7098032199416582,147899.0625
1.7109897593031722,161072.859375
1.7121762986646862,274492.5625
1.7133628380262005,331231.90625
1.7145493773877143,22117.095703125
1.7157359167492283,170932.078125
1.716922456110742,125331.40625
1.7181089954722562,140107.71875
1.7192955348337702,126278.3828125
1.7204820741952842,56687.453125
1.7216686135567982,75991.0703125
1.7228551529183125,156585.796875
1.7240416922798258,79359.90625
1.7252282316413399,52874.2421875
1.726414771002854,56936.14453125
1.727601310364368,78137.5
1.7287878497258822,154025.578125
1.729974389087396,76187.71875
1.7311609284489098,182001.4375
